,Name,Country,Position,Age,Overall_Rating,Potential,Duration,Team,Total_Stats,photo_link,country_flag_img_link
0,Pape Matar Sarr,Senegal,CM,19,71,81,2021 ~ 2026,Tottenham Hotspur,1865,https://cdn.sofifa.net/players/259/868/23_180.png, https://cdn.sofifa.net/flags/sn@3x.png
1,Manuel Ugarte,Uruguay,CM,21,79,85,2021 ~ 2026,Sporting CP,1950,https://cdn.sofifa.net/players/253/306/23_180.png, https://cdn.sofifa.net/flags/uy@3x.png
2,Mykhailo Mudryk,Ukraine,LW,21,75,85,2023 ~ 2031,Chelsea,1836,https://cdn.sofifa.net/players/246/340/23_180.png, https://cdn.sofifa.net/flags/ua@3x.png
3,Israel Reyes,Mexico,CDM,22,75,83,Free,Mexico,2087,https://cdn.sofifa.net/players/252/008/23_180.png, https://cdn.sofifa.net/flags/mx@3x.png
4,Lewis Hall,England,LB,17,61,79,2021 ~ 2025,Chelsea,1710,https://cdn.sofifa.net/players/266/127/23_180.png, https://cdn.sofifa.net/flags/gb-eng@3x.png
5,Julio César Enciso,Paraguay,CAM,18,65,83,2022 ~ 2026,Brighton & Hove Albion,1589,https://cdn.sofifa.net/players/255/434/23_180.png, https://cdn.sofifa.net/flags/py@3x.png
6,Randal Kolo Muani,France,RM,23,82,86,2022 ~ 2027,Eintracht Frankfurt,1989,https://cdn.sofifa.net/players/237/679/23_180.png, https://cdn.sofifa.net/flags/fr@3x.png
7,Arthur Vermeeren,Belgium,CM,17,70,87,2022 ~ 2026,Antwerp,1765,https://cdn.sofifa.net/players/269/859/23_180.png, https://cdn.sofifa.net/flags/be@3x.png
8,Andrés Iniesta Luján,Spain,CM,37,79,79,2018 ~ 2024,Vissel Kobe,1918,https://cdn.sofifa.net/players/000/041/22_180.png, https://cdn.sofifa.net/flags/es@3x.png
9,Georges Mikautadze,Georgia,CAM,21,71,81,2019 ~ 2026,Metz,1862,https://cdn.sofifa.net/players/254/551/23_180.png, https://cdn.sofifa.net/flags/ge@3x.png
10,Carney Chukwuemeka,England,CF,18,64,84,2022 ~ 2028,Chelsea,1687,https://cdn.sofifa.net/players/259/356/23_180.png, https://cdn.sofifa.net/flags/gb-eng@3x.png
11,Nicolas Jackson,Senegal,LM,21,73,82,2020 ~ 2026,Villarreal,1787,https://cdn.sofifa.net/players/259/197/23_180.png, https://cdn.sofifa.net/flags/sn@3x.png
12,Rico Lewis,England,RB,17,70,87,2022 ~ 2024,Manchester City,1724,https://cdn.sofifa.net/players/271/574/23_180.png, https://cdn.sofifa.net/flags/gb-eng@3x.png
13,Noni Madueke,England,RM,20,77,86,2023 ~ 2030,Chelsea,1896,https://cdn.sofifa.net/players/254/796/23_180.png, https://cdn.sofifa.net/flags/gb-eng@3x.png
14,Dominik Szoboszlai,Hungary,LM,21,81,87,2021 ~ 2026,RB Leipzig,2024,https://cdn.sofifa.net/players/236/772/23_180.png, https://cdn.sofifa.net/flags/hu@3x.png
15,Mason Mount,England,CM,23,82,85,2016 ~ 2024,Chelsea,2109,https://cdn.sofifa.net/players/233/064/23_180.png, https://cdn.sofifa.net/flags/gb-eng@3x.png
16,Enzo Fernández,Argentina,CDM,21,81,88,2023 ~ 2031,Chelsea,2177,https://cdn.sofifa.net/players/247/090/23_180.png, https://cdn.sofifa.net/flags/ar@3x.png
17,Sacha Boey,France,RB,21,78,83,2021 ~ 2025,Galatasaray,1966,https://cdn.sofifa.net/players/248/266/23_180.png, https://cdn.sofifa.net/flags/fr@3x.png
18,Robert Ergas,Uruguay,LM,24,66,72,2022 ~ 2022,Cerro Largo,1658,https://cdn.sofifa.net/players/252/451/23_180.png, https://cdn.sofifa.net/flags/uy@3x.png
19,Julián Álvarez,Argentina,RW,22,79,86,2022 ~ 2027,Manchester City,2129,https://cdn.sofifa.net/players/246/191/23_180.png, https://cdn.sofifa.net/flags/ar@3x.png
20,Loïs Openda,Belgium,ST,22,78,85,2022 ~ 2027,Lens,1940,https://cdn.sofifa.net/players/243/580/23_180.png, https://cdn.sofifa.net/flags/be@3x.png
21,Evan Ferguson,RIE,CF,17,69,85,2021 ~ 2028,Brighton & Hove Albion,1623,https://cdn.sofifa.net/players/259/608/23_180.png, https://cdn.sofifa.net/flags/ie@3x.png
22,Tommaso Baldanzi,Italy,CF,19,75,89,2021 ~ 2027,Empoli,1842,https://cdn.sofifa.net/players/269/312/23_180.png, https://cdn.sofifa.net/flags/it@3x.png
23,Moisés Caicedo,Ecuador,CM,20,78,85,2021 ~ 2027,Brighton & Hove Albion,2007,https://cdn.sofifa.net/players/256/079/23_180.png, https://cdn.sofifa.net/flags/ec@3x.png
24,Khvicha Kvaratskhelia,Georgia,CAM,21,81,90,2022 ~ 2027,Napoli,1988,https://cdn.sofifa.net/players/247/635/23_180.png, https://cdn.sofifa.net/flags/ge@3x.png
25,Warren Zaïre-Emery,France,CDM,16,71,88,2022 ~ 2025,Paris Saint Germain,1903,https://cdn.sofifa.net/players/270/673/23_180.png, https://cdn.sofifa.net/flags/fr@3x.png
26,Santiago Giménez,Mexico,ST,21,77,85,2022 ~ 2026,Feyenoord,1991,https://cdn.sofifa.net/players/245/152/23_180.png, https://cdn.sofifa.net/flags/mx@3x.png
27,Alberto Moleiro González,Spain,CAM,18,76,88,2021 ~ 2026,Las Palmas,1859,https://cdn.sofifa.net/players/264/388/23_180.png, https://cdn.sofifa.net/flags/es@3x.png
28,Kai Havertz,Germany,ST,23,83,89,2020 ~ 2025,Chelsea,2051,https://cdn.sofifa.net/players/235/790/23_180.png, https://cdn.sofifa.net/flags/de@3x.png
29,Carlos Henrique Venancio Casimiro,Brazil,CDM,30,89,89,2022 ~ 2026,Manchester United,2251,https://cdn.sofifa.net/players/200/145/23_180.png, https://cdn.sofifa.net/flags/br@3x.png
30,Youssoufa Moukoko,Germany,ST,17,76,89,2020 ~ 2026,Borussia Dortmund,1833,https://cdn.sofifa.net/players/240/833/23_180.png, https://cdn.sofifa.net/flags/de@3x.png
31,Xavi Simons,Netherlands,LW,19,78,88,2022 ~ 2027,PSV,2049,https://cdn.sofifa.net/players/245/367/23_180.png, https://cdn.sofifa.net/flags/nl@3x.png
32,Karim Adeyemi,Germany,ST,20,78,87,2022 ~ 2027,Borussia Dortmund,1928,https://cdn.sofifa.net/players/251/852/23_180.png, https://cdn.sofifa.net/flags/de@3x.png
33,Rasmus Højlund,Denmark,ST,19,73,86,2022 ~ 2027,Atalanta,1738,https://cdn.sofifa.net/players/259/399/23_180.png, https://cdn.sofifa.net/flags/dk@3x.png
34,Alex Scott,England,CAM,18,71,84,2021 ~ 2025,Bristol City,1923,https://cdn.sofifa.net/players/261/299/23_180.png, https://cdn.sofifa.net/flags/gb-eng@3x.png
35,Thiago Almada,Argentina,CF,21,77,87,2022 ~ 2025,Atlanta United,2030,https://cdn.sofifa.net/players/245/371/23_180.png, https://cdn.sofifa.net/flags/ar@3x.png
36,Anthony Martial,France,ST,26,80,81,2015 ~ 2024,Manchester United,1960,https://cdn.sofifa.net/players/211/300/23_180.png, https://cdn.sofifa.net/flags/fr@3x.png
37,Khéphren Thuram,France,CDM,21,79,85,2019 ~ 2025,Nice,2114,https://cdn.sofifa.net/players/247/246/23_180.png, https://cdn.sofifa.net/flags/fr@3x.png
38,Arda Güler,Turkey,RW,17,73,86,2021 ~ 2025,Fenerbahçe,1902,https://cdn.sofifa.net/players/264/309/23_180.png, https://cdn.sofifa.net/flags/tr@3x.png
39,Alejandro Garnacho Ferreyra,Argentina,LM,18,70,86,2021 ~ 2028,Manchester United,1700,https://cdn.sofifa.net/players/268/438/23_180.png, https://cdn.sofifa.net/flags/ar@3x.png
40,Declan Rice,England,CM,23,84,87,2015 ~ 2024,West Ham United,2089,https://cdn.sofifa.net/players/234/378/23_180.png, https://cdn.sofifa.net/flags/gb-eng@3x.png
41,Diego Lainez,Mexico,CAM,22,74,82,Free,Mexico,1861,https://cdn.sofifa.net/players/237/995/23_180.png, https://cdn.sofifa.net/flags/mx@3x.png
42,Victor Osimhen,Nigeria,ST,23,85,90,2020 ~ 2025,Napoli,2025,https://cdn.sofifa.net/players/232/293/23_180.png, https://cdn.sofifa.net/flags/ng@3x.png
43,Georginio Rutter,France,RW,20,74,84,2023 ~ 2028,Leeds United,1747,https://cdn.sofifa.net/players/245/637/23_180.png, https://cdn.sofifa.net/flags/fr@3x.png
44,Gonçalo Bernardo Inácio,Portugal,CB,20,79,88,2019 ~ 2026,Sporting CP,1773,https://cdn.sofifa.net/players/257/179/23_180.png, https://cdn.sofifa.net/flags/pt@3x.png
45,Romeo Lavia,Belgium,CDM,18,70,85,2022 ~ 2027,Southampton,1770,https://cdn.sofifa.net/players/263/620/23_180.png, https://cdn.sofifa.net/flags/be@3x.png
46,António João Tavares Silva,Portugal,CB,18,77,88,2022 ~ 2027,Benfica,1710,https://cdn.sofifa.net/players/270/086/23_180.png, https://cdn.sofifa.net/flags/pt@3x.png
47,Marcus Edwards,England,ST,23,80,85,2022 ~ 2026,Sporting CP,1863,https://cdn.sofifa.net/players/235/619/23_180.png, https://cdn.sofifa.net/flags/gb-eng@3x.png
48,Alexis Mac Allister,Argentina,CDM,23,80,84,2019 ~ 2025,Brighton & Hove Albion,2160,https://cdn.sofifa.net/players/239/837/23_180.png, https://cdn.sofifa.net/flags/ar@3x.png
49,Gonçalo Matias Ramos,Portugal,ST,21,80,87,2019 ~ 2025,Benfica,1997,https://cdn.sofifa.net/players/256/903/23_180.png, https://cdn.sofifa.net/flags/pt@3x.png
50,Giorgio Scalvini,Italy,CB,18,73,86,2021 ~ 2023,Atalanta,1551,https://cdn.sofifa.net/players/265/188/23_180.png, https://cdn.sofifa.net/flags/it@3x.png
51,Simone Pafundi,Italy,RM,16,67,86,2022 ~ 2025,Udinese,1822,https://cdn.sofifa.net/players/271/575/23_180.png, https://cdn.sofifa.net/flags/it@3x.png
52,Marcus Rashford,England,ST,24,85,88,2014 ~ 2024,Manchester United,2134,https://cdn.sofifa.net/players/231/677/23_180.png, https://cdn.sofifa.net/flags/gb-eng@3x.png
53,Francisco José García Torres,Spain,LB,22,76,85,2021 ~ 2025,Rayo Vallecano,1910,https://cdn.sofifa.net/players/246/606/23_180.png, https://cdn.sofifa.net/flags/es@3x.png
54,Alejandro Balde Martínez,Spain,LM,18,77,87,2021 ~ 2024,FC Barcelona,1831,https://cdn.sofifa.net/players/263/578/23_180.png, https://cdn.sofifa.net/flags/es@3x.png
55,Wout Weghorst,Netherlands,ST,29,78,78,30-Jun-23,Manchester United,1899,https://cdn.sofifa.net/players/223/689/23_180.png, https://cdn.sofifa.net/flags/nl@3x.png
56,Erling Haaland,Norway,ST,21,90,94,2022 ~ 2027,Manchester City,2144,https://cdn.sofifa.net/players/239/085/23_180.png, https://cdn.sofifa.net/flags/no@3x.png
57,Darwin Núñez,Uruguay,LW,23,82,89,2022 ~ 2028,Liverpool,2094,https://cdn.sofifa.net/players/253/072/23_180.png, https://cdn.sofifa.net/flags/uy@3x.png
58,Antony Matheus dos Santos,Brazil,RM,22,81,87,2022 ~ 2027,Manchester United,2046,https://cdn.sofifa.net/players/255/475/23_180.png, https://cdn.sofifa.net/flags/br@3x.png
59,Arnau Martínez López,Spain,RWB,19,76,85,2020 ~ 2025,Girona,1885,https://cdn.sofifa.net/players/260/815/23_180.png, https://cdn.sofifa.net/flags/es@3x.png
61,Jude Bellingham,England,CM,19,85,91,2020 ~ 2025,Borussia Dortmund,2198,https://cdn.sofifa.net/players/252/371/23_180.png, https://cdn.sofifa.net/flags/gb-eng@3x.png
62,Jadon Sancho,England,LM,22,82,86,2021 ~ 2026,Manchester United,1884,https://cdn.sofifa.net/players/233/049/23_180.png, https://cdn.sofifa.net/flags/gb-eng@3x.png
63,Gavin Bazunu,RIE,GK,20,71,85,2022 ~ 2027,Southampton,1147,https://cdn.sofifa.net/players/243/585/23_180.png, https://cdn.sofifa.net/flags/ie@3x.png
64,Kaoru Mitoma,Japan,LM,25,79,82,2021 ~ 2025,Brighton & Hove Albion,2011,https://cdn.sofifa.net/players/255/565/23_180.png, https://cdn.sofifa.net/flags/jp@3x.png
65,Julien Duranville,Belgium,RM,16,64,86,2023 ~ 2027,Borussia Dortmund,1604,https://cdn.sofifa.net/players/262/105/23_180.png, https://cdn.sofifa.net/flags/be@3x.png
66,Daichi Kamada,Japan,CF,25,81,83,2017 ~ 2023,Eintracht Frankfurt,2048,https://cdn.sofifa.net/players/232/730/23_180.png, https://cdn.sofifa.net/flags/jp@3x.png
67,Lutsharel Geertruida,Netherlands,CDM,21,79,86,2017 ~ 2025,Feyenoord,1960,https://cdn.sofifa.net/players/241/187/23_180.png, https://cdn.sofifa.net/flags/nl@3x.png
68,Joško Gvardiol,Croatia,LB,20,82,89,2021 ~ 2027,RB Leipzig,2044,https://cdn.sofifa.net/players/251/517/23_180.png, https://cdn.sofifa.net/flags/hr@3x.png
69,Conor Gallagher,England,CM,22,78,85,2017 ~ 2025,Chelsea,2050,https://cdn.sofifa.net/players/238/216/23_180.png, https://cdn.sofifa.net/flags/gb-eng@3x.png
70,João Félix Sequeira,Portugal,ST,22,83,89,30-Jun-23,Chelsea,2101,https://cdn.sofifa.net/players/242/444/23_180.png, https://cdn.sofifa.net/flags/pt@3x.png
71,Folarin Balogun,England,ST,20,75,84,30-Jun-23,Stade de Reims ,1738,https://cdn.sofifa.net/players/247/463/23_180.png, https://cdn.sofifa.net/flags/gb-eng@3x.png
72,Nicolò Fagioli,Italy,CAM,21,75,87,2019 ~ 2026,Juventus,2033,https://cdn.sofifa.net/players/260/823/23_180.png, https://cdn.sofifa.net/flags/it@3x.png
73,Kang In Lee,Korea Republic,CAM,21,76,83,2021 ~ 2025,Mallorca,1885,https://cdn.sofifa.net/players/243/780/23_180.png, https://cdn.sofifa.net/flags/kr@3x.png
74,Dušan Vlahović,Serbia,ST,22,84,91,2022 ~ 2026,Juventus,1961,https://cdn.sofifa.net/players/246/430/23_180.png, https://cdn.sofifa.net/flags/rs@3x.png
75,Adam Hložek,Czech Republic,LM,19,76,86,2022 ~ 2027,Bayer 04 Leverkusen,1925,https://cdn.sofifa.net/players/246/618/23_180.png, https://cdn.sofifa.net/flags/cz@3x.png
76,Armel Bella Kotchap,Germany,CB,20,74,83,2022 ~ 2026,Southampton,1579,https://cdn.sofifa.net/players/247/497/23_180.png, https://cdn.sofifa.net/flags/de@3x.png
77,Rayan Cherki,France,RW,18,74,87,2019 ~ 2023,Olympique Lyonnais,1730,https://cdn.sofifa.net/players/251/570/23_180.png, https://cdn.sofifa.net/flags/fr@3x.png
78,Alfie Devine,England,LW,17,61,84,2021 ~ 2024,Tottenham Hotspur,1653,https://cdn.sofifa.net/players/264/180/23_180.png, https://cdn.sofifa.net/flags/gb-eng@3x.png
79,C. Ronaldo dos Santos Aveiro,Portugal,ST,37,87,87,2023 ~ 2025,Al Nassr,2101,https://cdn.sofifa.net/players/020/801/23_180.png, https://cdn.sofifa.net/flags/pt@3x.png
80,Christopher Nkunku,France,ST,24,86,89,2019 ~ 2024,RB Leipzig,2172,https://cdn.sofifa.net/players/232/411/23_180.png, https://cdn.sofifa.net/flags/fr@3x.png
81,Min Jae Kim,Korea Republic,CB,25,80,84,2022 ~ 2025,Napoli,1780,https://cdn.sofifa.net/players/237/086/23_180.png, https://cdn.sofifa.net/flags/kr@3x.png
82,Takefusa Kubo,Japan,CAM,21,76,84,2022 ~ 2027,Real Sociedad,1956,https://cdn.sofifa.net/players/237/681/23_180.png, https://cdn.sofifa.net/flags/jp@3x.png
83,Armando Broja,Albania,ST,20,75,83,2020 ~ 2028,Chelsea,1739,https://cdn.sofifa.net/players/256/268/23_180.png, https://cdn.sofifa.net/flags/al@3x.png
84,Facundo Farías,Argentina,CF,19,75,85,2020 ~ 2023,Colón,1943,https://cdn.sofifa.net/players/256/287/23_180.png, https://cdn.sofifa.net/flags/ar@3x.png
85,Wilfried Gnonto,Italy,ST,18,74,86,2022 ~ 2027,Leeds United,1800,https://cdn.sofifa.net/players/258/906/23_180.png, https://cdn.sofifa.net/flags/it@3x.png
86,Destiny Udogie,Italy,LM,19,76,89,30-Jun-23,Udinese,1977,https://cdn.sofifa.net/players/259/583/23_180.png, https://cdn.sofifa.net/flags/it@3x.png
87,Iván Fresneda Corraliza,Spain,RB,17,69,85,2021 ~ 2025,Real Valladolid,1705,https://cdn.sofifa.net/players/266/253/23_180.png, https://cdn.sofifa.net/flags/es@3x.png
88,Lionel Messi,Argentina,RW,35,91,91,2021 ~ 2023,Paris Saint Germain,2190,https://cdn.sofifa.net/players/158/023/23_180.png, https://cdn.sofifa.net/flags/ar@3x.png
89,Harry Kane,England,ST,28,89,89,2010 ~ 2024,Tottenham Hotspur,2197,https://cdn.sofifa.net/players/202/126/23_180.png, https://cdn.sofifa.net/flags/gb-eng@3x.png
90,Jules Koundé,France,CB,23,84,89,2022 ~ 2027,FC Barcelona,1947,https://cdn.sofifa.net/players/241/486/23_180.png, https://cdn.sofifa.net/flags/fr@3x.png
91,Martín Zubimendi Ibáñez,Spain,CM,23,79,85,2018 ~ 2027,Real Sociedad,2023,https://cdn.sofifa.net/players/248/148/23_180.png, https://cdn.sofifa.net/flags/es@3x.png
92,Brennan Johnson,Wales,ST,21,75,85,2019 ~ 2026,Nottingham Forest,1837,https://cdn.sofifa.net/players/251/421/23_180.png, https://cdn.sofifa.net/flags/gb-wls@3x.png
93,Kylian Mbappé,France,LW,23,91,95,2018 ~ 2024,Paris Saint Germain,2181,https://cdn.sofifa.net/players/231/747/23_180.png, https://cdn.sofifa.net/flags/fr@3x.png
94,Ryan Gravenberch,Netherlands,CM,20,79,88,2022 ~ 2027,FC Bayern München,2100,https://cdn.sofifa.net/players/246/104/23_180.png, https://cdn.sofifa.net/flags/nl@3x.png
95,Bukayo Saka,England,RM,20,85,90,2018 ~ 2024,Arsenal,2173,https://cdn.sofifa.net/players/246/669/23_180.png, https://cdn.sofifa.net/flags/gb-eng@3x.png
96,Wesley Fofana,France,CB,21,79,86,2022 ~ 2028,Chelsea,1773,https://cdn.sofifa.net/players/248/695/23_180.png, https://cdn.sofifa.net/flags/fr@3x.png
97,Jeremie Frimpong,Netherlands,RM,21,82,88,2021 ~ 2025,Bayer 04 Leverkusen,2054,https://cdn.sofifa.net/players/253/149/23_180.png, https://cdn.sofifa.net/flags/nl@3x.png
98,Roger Fernandes,Portugal,RM,16,63,86,2021 ~ 2024,Sporting Braga,1573,https://cdn.sofifa.net/players/263/828/23_180.png, https://cdn.sofifa.net/flags/pt@3x.png
99,Fikayo Tomori,England,CB,24,84,88,2021 ~ 2027,Milan,1875,https://cdn.sofifa.net/players/232/756/23_180.png, https://cdn.sofifa.net/flags/gb-eng@3x.png
100,Vinícius José de Oliveira Júnior,Brazil,LW,21,86,92,2018 ~ 2025,Real Madrid,1987,https://cdn.sofifa.net/players/238/794/23_180.png, https://cdn.sofifa.net/flags/br@3x.png
101,Piero Hincapié,Ecuador,LB,20,79,86,2021 ~ 2027,Bayer 04 Leverkusen,1864,https://cdn.sofifa.net/players/256/197/23_180.png, https://cdn.sofifa.net/flags/ec@3x.png
102,Carlos Alcaraz,Argentina,LM,19,72,84,2023 ~ 2027,Southampton,1915,https://cdn.sofifa.net/players/256/402/23_180.png, https://cdn.sofifa.net/flags/ar@3x.png
103,Fabiano Parisi,Italy,LB,21,75,85,2020 ~ 2025,Empoli,2007,https://cdn.sofifa.net/players/258/976/23_180.png, https://cdn.sofifa.net/flags/it@3x.png
104,Yeremy Jesús Pino Santos,Spain,ST,19,79,87,2020 ~ 2027,Villarreal,1827,https://cdn.sofifa.net/players/259/377/23_180.png, https://cdn.sofifa.net/flags/es@3x.png
105,David Datro Fofana,Côte d'Ivoire,ST,19,68,83,2023 ~ 2029,Chelsea,1686,https://cdn.sofifa.net/players/260/942/23_180.png, https://cdn.sofifa.net/flags/ci@3x.png
106,Andreas Schjelderup,Norway,CAM,18,71,86,2023 ~ 2028,Benfica,1753,https://cdn.sofifa.net/players/260/952/23_180.png, https://cdn.sofifa.net/flags/no@3x.png
107,Pablo Martín Páez Gavira,Spain,LW,17,80,89,2020 ~ 2026,FC Barcelona,2042,https://cdn.sofifa.net/players/264/240/23_180.png, https://cdn.sofifa.net/flags/es@3x.png
108,Jamie Bynoe-Gittens,England,LM,17,70,87,2022 ~ 2025,Borussia Dortmund,1636,https://cdn.sofifa.net/players/266/032/23_180.png, https://cdn.sofifa.net/flags/gb-eng@3x.png
109,Lautaro Martínez,Argentina,ST,24,85,88,2018 ~ 2026,Inter,2159,https://cdn.sofifa.net/players/231/478/23_180.png, https://cdn.sofifa.net/flags/ar@3x.png
110,Bruno Guimarães Moura,Brazil,CDM,24,84,87,2022 ~ 2026,Newcastle United,2201,https://cdn.sofifa.net/players/247/851/23_180.png, https://cdn.sofifa.net/flags/br@3x.png
111,Eduardo Camavinga,France,LB,19,81,89,2021 ~ 2027,Real Madrid,2142,https://cdn.sofifa.net/players/248/243/23_180.png, https://cdn.sofifa.net/flags/fr@3x.png
112,Norberto Gomes Betuncal,Portugal,ST,24,80,84,2022 ~ 2026,Udinese,1832,https://cdn.sofifa.net/players/251/892/23_180.png, https://cdn.sofifa.net/flags/pt@3x.png
113,Elye Wahi,France,LM,19,75,85,2020 ~ 2025,Montpellier,1851,https://cdn.sofifa.net/players/260/407/23_180.png, https://cdn.sofifa.net/flags/fr@3x.png
114,Benjamin Šeško,Slovenia,ST,19,74,85,2021 ~ 2026,Salzburg,1859,https://cdn.sofifa.net/players/260/592/23_180.png, https://cdn.sofifa.net/flags/si@3x.png
115,Dejan Kulusevski,Sweden,RW,22,81,86,30-Jun-23,Tottenham Hotspur,2092,https://cdn.sofifa.net/players/247/394/23_180.png, https://cdn.sofifa.net/flags/se@3x.png
116,Kouadio Manu Koné,France,CM,21,77,86,2021 ~ 2025,Borussia Mönchengladbach,2042,https://cdn.sofifa.net/players/250/723/23_180.png, https://cdn.sofifa.net/flags/fr@3x.png
117,Anssumane Fati,Spain,ST,19,79,89,2018 ~ 2027,FC Barcelona,1913,https://cdn.sofifa.net/players/253/004/23_180.png, https://cdn.sofifa.net/flags/es@3x.png
118,Florian Wirtz,Germany,CM,19,83,91,2020 ~ 2027,Bayer 04 Leverkusen,2020,https://cdn.sofifa.net/players/256/630/23_180.png, https://cdn.sofifa.net/flags/de@3x.png
119,Ronnie Edwards,England,CB,19,68,80,2020 ~ 2025,Peterborough United,1565,https://cdn.sofifa.net/players/258/167/23_180.png, https://cdn.sofifa.net/flags/gb-eng@3x.png
120,Neymar da Silva Santos Jr.,Brazil,LW,30,89,89,2017 ~ 2025,Paris Saint Germain,2157,https://cdn.sofifa.net/players/190/871/23_180.png, https://cdn.sofifa.net/flags/br@3x.png
121,Martin Ødegaard,Norway,CM,23,86,89,2021 ~ 2026,Arsenal,2136,https://cdn.sofifa.net/players/222/665/23_180.png, https://cdn.sofifa.net/flags/no@3x.png
122,Reece James,England,RB,22,84,88,2017 ~ 2028,Chelsea,2251,https://cdn.sofifa.net/players/238/074/23_180.png, https://cdn.sofifa.net/flags/gb-eng@3x.png
123,Rafael da Conceição Leão,Portugal,ST,23,84,90,2019 ~ 2024,Milan,1978,https://cdn.sofifa.net/players/241/721/23_180.png, https://cdn.sofifa.net/flags/pt@3x.png
125,Adrien Rabiot,France,LM,27,82,82,2019 ~ 2023,Juventus,2220,https://cdn.sofifa.net/players/210/008/23_180.png, https://cdn.sofifa.net/flags/fr@3x.png
126,Adama Traoré Diarra,Spain,ST,26,77,77,2018 ~ 2023,Wolverhampton Wanderers,1919,https://cdn.sofifa.net/players/213/956/23_180.png, https://cdn.sofifa.net/flags/es@3x.png
127,James Maddison,England,CAM,25,84,85,2018 ~ 2024,Leicester City,2127,https://cdn.sofifa.net/players/220/697/23_180.png, https://cdn.sofifa.net/flags/gb-eng@3x.png
128,Theo Hernández,France,LM,24,85,90,2019 ~ 2026,Milan,2195,https://cdn.sofifa.net/players/232/656/23_180.png, https://cdn.sofifa.net/flags/fr@3x.png
129,Pedro António Pereira Gonçalves,Portugal,CM,24,82,87,2020 ~ 2026,Sporting CP,2106,https://cdn.sofifa.net/players/240/950/23_180.png, https://cdn.sofifa.net/flags/pt@3x.png
130,Jonathan David,Canada,ST,22,81,85,2020 ~ 2025,Lille,1957,https://cdn.sofifa.net/players/243/630/23_180.png, https://cdn.sofifa.net/flags/ca@3x.png
131,Kevin Álvarez,Mexico,RB,23,75,79,Free,Mexico,1872,https://cdn.sofifa.net/players/253/008/23_180.png, https://cdn.sofifa.net/flags/mx@3x.png
132,Fabricio Díaz,Uruguay,CDM,19,72,83,2019 ~ 2023,Liverpool,1957,https://cdn.sofifa.net/players/255/882/23_180.png, https://cdn.sofifa.net/flags/uy@3x.png
133,Alan Varela,Argentina,CM,20,76,85,2020 ~ 2026,Boca Juniors,1970,https://cdn.sofifa.net/players/260/599/23_180.png, https://cdn.sofifa.net/flags/ar@3x.png
134,Martin Baturina,Croatia,CAM,19,73,86,2021 ~ 2028,Dinamo Zagreb,1954,https://cdn.sofifa.net/players/262/842/23_180.png, https://cdn.sofifa.net/flags/hr@3x.png
135,Valentín Barco,Argentina,LB,17,65,83,2020 ~ 2025,Boca Juniors,1714,https://cdn.sofifa.net/players/263/370/23_180.png, https://cdn.sofifa.net/flags/ar@3x.png
136,Bashir Humphreys,England,CB,19,63,78,2021 ~ 2024,Paderborn,1509,https://cdn.sofifa.net/players/272/777/23_180.png, https://cdn.sofifa.net/flags/gb-eng@3x.png
137,Gift Emmanuel Orban,Nigeria,ST,19,70,81,2023 ~ 2027,Gent,1731,https://cdn.sofifa.net/players/273/564/23_180.png, https://cdn.sofifa.net/flags/ng@3x.png
138,Raphaël Guerreiro,Portugal,CM,28,83,83,2016 ~ 2023,Borussia Dortmund,2176,https://cdn.sofifa.net/players/209/889/23_180.png, https://cdn.sofifa.net/flags/pt@3x.png
139,Joshua Kimmich,Germany,CM,27,89,90,2015 ~ 2025,FC Bayern München,2292,https://cdn.sofifa.net/players/212/622/23_180.png, https://cdn.sofifa.net/flags/de@3x.png
140,Luis Chávez,Mexico,CDM,26,79,80,Free,Mexico,2104,https://cdn.sofifa.net/players/222/382/23_180.png, https://cdn.sofifa.net/flags/mx@3x.png
141,Christian Pulisic,United States,LM,23,80,84,2019 ~ 2024,Chelsea,1933,https://cdn.sofifa.net/players/227/796/23_180.png, https://cdn.sofifa.net/flags/us@3x.png
142,Evan Ndicka,France,CB,22,79,85,2018 ~ 2023,Eintracht Frankfurt,1944,https://cdn.sofifa.net/players/236/403/23_180.png, https://cdn.sofifa.net/flags/fr@3x.png
143,Pedro Antonio Porro Sauceda,Spain,RM,22,82,88,30-Jun-23,Tottenham Hotspur,2157,https://cdn.sofifa.net/players/243/576/23_180.png, https://cdn.sofifa.net/flags/es@3x.png
144,Mohammed Kudus,Ghana,RW,21,78,86,2020 ~ 2025,Ajax,2051,https://cdn.sofifa.net/players/245/155/23_180.png, https://cdn.sofifa.net/flags/gh@3x.png
145,Harvey Elliott,England,RW,19,77,87,2019 ~ 2027,Liverpool,1819,https://cdn.sofifa.net/players/246/174/23_180.png, https://cdn.sofifa.net/flags/gb-eng@3x.png
146,Gonzalo Plata,Ecuador,RW,21,77,86,2022 ~ 2027,Real Valladolid,1925,https://cdn.sofifa.net/players/247/181/23_180.png, https://cdn.sofifa.net/flags/ec@3x.png
147,Milos Kerkez,Hungary,LB,18,74,84,2022 ~ 2026,AZ Alkmaar,1906,https://cdn.sofifa.net/players/260/908/23_180.png, https://cdn.sofifa.net/flags/hu@3x.png
148,Francisco F. da Conceição,Portugal,RW,19,74,86,2022 ~ 2027,Ajax,1715,https://cdn.sofifa.net/players/261/050/23_180.png, https://cdn.sofifa.net/flags/pt@3x.png
149,Noah Mbamba,Belgium,CB,17,64,84,2023 ~ 2028,Bayer 04 Leverkusen,1591,https://cdn.sofifa.net/players/261/360/23_180.png, https://cdn.sofifa.net/flags/be@3x.png
150,Désiré Doué,France,RW,17,70,86,2022 ~ 2025,Rennes,1699,https://cdn.sofifa.net/players/271/421/23_180.png, https://cdn.sofifa.net/flags/fr@3x.png
151,Wilfried Zaha,Côte d'Ivoire,LM,29,82,82,2015 ~ 2023,Crystal Palace,2002,https://cdn.sofifa.net/players/198/717/23_180.png, https://cdn.sofifa.net/flags/ci@3x.png
152,Edson Álvarez,Mexico,CB,24,80,84,2019 ~ 2025,Ajax,1975,https://cdn.sofifa.net/players/235/844/23_180.png, https://cdn.sofifa.net/flags/mx@3x.png
153,Juan Foyth,Argentina,CDM,24,79,84,2021 ~ 2026,Villarreal,1929,https://cdn.sofifa.net/players/237/221/23_180.png, https://cdn.sofifa.net/flags/ar@3x.png
154,Federico Valverde,Uruguay,RW,23,86,91,2016 ~ 2027,Real Madrid,2249,https://cdn.sofifa.net/players/239/053/23_180.png, https://cdn.sofifa.net/flags/uy@3x.png
155,Marc Guéhi,England,CB,21,78,86,2021 ~ 2026,Crystal Palace,1760,https://cdn.sofifa.net/players/241/159/23_180.png, https://cdn.sofifa.net/flags/gb-eng@3x.png
156,Orkun Kökçü,Turkey,CAM,21,81,86,2017 ~ 2025,Feyenoord,2152,https://cdn.sofifa.net/players/243/245/23_180.png, https://cdn.sofifa.net/flags/tr@3x.png
157,Gabriel Teodoro Martinelli Silva,Brazil,LM,21,82,88,2019 ~ 2027,Arsenal,2008,https://cdn.sofifa.net/players/251/566/23_180.png, https://cdn.sofifa.net/flags/br@3x.png
158,Pedro González López,Spain,CM,19,85,92,2020 ~ 2026,FC Barcelona,2119,https://cdn.sofifa.net/players/251/854/23_180.png, https://cdn.sofifa.net/flags/es@3x.png
159,Alan Velasco,Argentina,CAM,19,75,84,2022 ~ 2025,Dallas,1954,https://cdn.sofifa.net/players/252/238/23_180.png, https://cdn.sofifa.net/flags/ar@3x.png
160,Levi Colwill,England,CB,19,71,84,30-Jun-23,Brighton & Hove Albion,1712,https://cdn.sofifa.net/players/262/859/23_180.png, https://cdn.sofifa.net/flags/gb-eng@3x.png
161,Fabio Chiarodia,Italy,CB,17,61,83,2021 ~ 2024,Werder Bremen,1487,https://cdn.sofifa.net/players/264/763/23_180.png, https://cdn.sofifa.net/flags/it@3x.png
162,Jakub Kiwior,Poland,CDM,22,72,81,2023 ~ 2028,Arsenal,1696,https://cdn.sofifa.net/players/265/693/23_180.png, https://cdn.sofifa.net/flags/pl@3x.png
163,Samuel Iling-Junior,England,LW,18,69,85,2022 ~ 2025,Juventus,1697,https://cdn.sofifa.net/players/272/379/23_180.png, https://cdn.sofifa.net/flags/gb-eng@3x.png
164,N'Golo Kanté,France,CM,31,88,88,2016 ~ 2023,Chelsea,2141,https://cdn.sofifa.net/players/215/914/23_180.png, https://cdn.sofifa.net/flags/fr@3x.png
165,Benjamin Pavard,France,RB,26,82,84,2019 ~ 2024,FC Bayern München,2085,https://cdn.sofifa.net/players/226/851/23_180.png, https://cdn.sofifa.net/flags/fr@3x.png
166,Alexander Isak,Sweden,ST,22,81,85,2022 ~ 2028,Newcastle United,1970,https://cdn.sofifa.net/players/233/731/23_180.png, https://cdn.sofifa.net/flags/se@3x.png
167,Diogo Meireles Costa,Portugal,GK,22,82,87,2016 ~ 2026,Porto,1243,https://cdn.sofifa.net/players/234/577/23_180.png, https://cdn.sofifa.net/flags/pt@3x.png
168,Achraf Hakimi,Morocco,RWB,23,84,87,2021 ~ 2026,Paris Saint Germain,2229,https://cdn.sofifa.net/players/235/212/23_180.png, https://cdn.sofifa.net/flags/ma@3x.png
169,Moise Kean,Italy,LW,22,78,86,30-Jun-23,Juventus,1900,https://cdn.sofifa.net/players/236/610/23_180.png, https://cdn.sofifa.net/flags/it@3x.png
170,Boubacar Kamara,France,CM,22,80,86,2022 ~ 2027,Aston Villa,1973,https://cdn.sofifa.net/players/236/987/23_180.png, https://cdn.sofifa.net/flags/fr@3x.png
171,Phil Foden,England,RW,22,84,90,2016 ~ 2027,Manchester City,2084,https://cdn.sofifa.net/players/237/692/23_180.png, https://cdn.sofifa.net/flags/gb-eng@3x.png
172,Kevin Danso,Austria,CB,23,78,84,2021 ~ 2026,Lens,1731,https://cdn.sofifa.net/players/237/985/23_180.png, https://cdn.sofifa.net/flags/at@3x.png
173,Mohamed Simakan,France,RB,22,79,86,2021 ~ 2027,RB Leipzig,1846,https://cdn.sofifa.net/players/243/854/23_180.png, https://cdn.sofifa.net/flags/fr@3x.png
174,Samuel Chukwueze,Nigeria,RW,23,79,85,2018 ~ 2024,Villarreal,1898,https://cdn.sofifa.net/players/246/172/23_180.png, https://cdn.sofifa.net/flags/ng@3x.png
175,Dávid Hancko,Slovakia,LB,24,80,84,2022 ~ 2026,Feyenoord,2082,https://cdn.sofifa.net/players/247/103/23_180.png, https://cdn.sofifa.net/flags/sk@3x.png
176,Nicolò Rovella,Italy,CDM,20,77,86,30-Jun-23,Monza,2086,https://cdn.sofifa.net/players/255/001/23_180.png, https://cdn.sofifa.net/flags/it@3x.png
177,Vítor Machado Ferreira,Portugal,CM,22,80,86,2022 ~ 2027,Paris Saint Germain,2061,https://cdn.sofifa.net/players/255/253/23_180.png, https://cdn.sofifa.net/flags/pt@3x.png
178,Giorgi Mamardashvili,Georgia,GK,21,79,85,2022 ~ 2027,Valencia,1095,https://cdn.sofifa.net/players/262/621/23_180.png, https://cdn.sofifa.net/flags/ge@3x.png
179,Pablo Torre Carral,Spain,LM,19,69,86,2022 ~ 2026,FC Barcelona,1777,https://cdn.sofifa.net/players/267/976/23_180.png, https://cdn.sofifa.net/flags/es@3x.png
180,Raheem Sterling,England,ST,27,85,85,2022 ~ 2027,Chelsea,2084,https://cdn.sofifa.net/players/202/652/23_180.png, https://cdn.sofifa.net/flags/gb-eng@3x.png
181,Lucas Hernández,France,LB,26,84,85,2019 ~ 2024,FC Bayern München,2005,https://cdn.sofifa.net/players/220/814/23_180.png, https://cdn.sofifa.net/flags/fr@3x.png
182,Henry Martín,Mexico,ST,29,79,79,Free,Mexico,1955,https://cdn.sofifa.net/players/224/151/23_180.png, https://cdn.sofifa.net/flags/mx@3x.png
183,Marcus Thuram,France,ST,24,80,84,2019 ~ 2023,Borussia Mönchengladbach,1997,https://cdn.sofifa.net/players/228/093/23_180.png, https://cdn.sofifa.net/flags/fr@3x.png
184,Trent Alexander-Arnold,England,RB,23,85,88,2015 ~ 2025,Liverpool,2221,https://cdn.sofifa.net/players/231/281/23_180.png, https://cdn.sofifa.net/flags/gb-eng@3x.png
185,Ousmane Dembélé,France,LW,25,84,87,2017 ~ 2024,FC Barcelona,2011,https://cdn.sofifa.net/players/231/443/23_180.png, https://cdn.sofifa.net/flags/fr@3x.png
186,Florentino Morris Luís,Portugal,CM,22,79,85,2017 ~ 2027,Benfica,1822,https://cdn.sofifa.net/players/234/569/23_180.png, https://cdn.sofifa.net/flags/pt@3x.png
187,Lisandro Martínez,Argentina,CB,24,83,88,2022 ~ 2027,Manchester United,2173,https://cdn.sofifa.net/players/239/301/23_180.png, https://cdn.sofifa.net/flags/ar@3x.png
188,Nico Schlotterbeck,Germany,CB,22,82,87,2022 ~ 2027,Borussia Dortmund,1991,https://cdn.sofifa.net/players/247/819/23_180.png, https://cdn.sofifa.net/flags/de@3x.png
189,Ian Maatsen,Netherlands,LWB,20,74,85,30-Jun-23,Burnley,1942,https://cdn.sofifa.net/players/248/465/23_180.png, https://cdn.sofifa.net/flags/nl@3x.png
190,Charles De Ketelaere,Belgium,ST,21,77,86,2022 ~ 2027,Milan,2054,https://cdn.sofifa.net/players/251/470/23_180.png, https://cdn.sofifa.net/flags/be@3x.png
191,Nicholas Williams Arthuer,Spain,LM,19,78,86,2020 ~ 2024,Athletic Club,1920,https://cdn.sofifa.net/players/256/516/23_180.png, https://cdn.sofifa.net/flags/es@3x.png
192,Luka Sučić,Croatia,CM,19,74,85,2019 ~ 2025,Salzburg,1933,https://cdn.sofifa.net/players/258/775/23_180.png, https://cdn.sofifa.net/flags/hr@3x.png
193,Dane Scarlett,England,ST,18,63,78,30-Jun-23,Portsmouth,1588,https://cdn.sofifa.net/players/261/025/23_180.png, https://cdn.sofifa.net/flags/gb-eng@3x.png
194,Romelu Lukaku,Belgium,ST,29,84,84,30-Jun-23,Inter,2022,https://cdn.sofifa.net/players/192/505/23_180.png, https://cdn.sofifa.net/flags/be@3x.png
195,Antoine Griezmann,France,LM,31,86,86,2022 ~ 2026,Atlético Madrid,2295,https://cdn.sofifa.net/players/194/765/23_180.png, https://cdn.sofifa.net/flags/fr@3x.png
196,Leandro Trossard,Belgium,ST,27,80,80,2023 ~ 2027,Arsenal,1977,https://cdn.sofifa.net/players/207/421/23_180.png, https://cdn.sofifa.net/flags/be@3x.png
197,Walace Souza Silva,Brazil,CM,27,76,77,2019 ~ 2026,Udinese,1945,https://cdn.sofifa.net/players/222/844/23_180.png, https://cdn.sofifa.net/flags/br@3x.png
198,Vedat Muriqi,Kosovo,ST,28,78,78,2022 ~ 2027,Mallorca,1764,https://cdn.sofifa.net/players/223/710/23_180.png, https://cdn.sofifa.net/flags/xk@3x.png
199,Aaron Wan-Bissaka,England,RB,24,79,82,2019 ~ 2024,Manchester United,1911,https://cdn.sofifa.net/players/229/880/23_180.png, https://cdn.sofifa.net/flags/gb-eng@3x.png
200,Cristian Romero,Argentina,CB,24,83,88,2022 ~ 2027,Tottenham Hotspur,1884,https://cdn.sofifa.net/players/232/488/23_180.png, https://cdn.sofifa.net/flags/ar@3x.png
201,Robin Le Normand,France,CB,25,82,87,2016 ~ 2026,Real Sociedad,1662,https://cdn.sofifa.net/players/233/486/23_180.png, https://cdn.sofifa.net/flags/fr@3x.png
202,Federico Chiesa,Italy,RW,24,84,87,2022 ~ 2025,Juventus,2078,https://cdn.sofifa.net/players/235/805/23_180.png, https://cdn.sofifa.net/flags/it@3x.png
203,Alessandro Bastoni,Italy,CB,23,84,89,2017 ~ 2024,Inter,1909,https://cdn.sofifa.net/players/237/383/23_180.png, https://cdn.sofifa.net/flags/it@3x.png
204,Tyrell Malacia,Netherlands,LB,22,79,83,2022 ~ 2026,Manchester United,2021,https://cdn.sofifa.net/players/238/041/23_180.png, https://cdn.sofifa.net/flags/nl@3x.png
205,Rúben Santos Gato Alves Dias,Portugal,CB,25,88,91,2020 ~ 2027,Manchester City,1888,https://cdn.sofifa.net/players/239/818/23_180.png, https://cdn.sofifa.net/flags/pt@3x.png
206,Éder Gabriel Militão,Brazil,CB,24,85,89,2019 ~ 2025,Real Madrid,2051,https://cdn.sofifa.net/players/240/130/23_180.png, https://cdn.sofifa.net/flags/br@3x.png
207,Ricard Puig Martí,Spain,CAM,22,75,83,2022 ~ 2025,LA Galaxy,1878,https://cdn.sofifa.net/players/242/816/23_180.png, https://cdn.sofifa.net/flags/es@3x.png
208,Jean-Clair Todibo,France,CB,22,79,84,2021 ~ 2027,Nice,1852,https://cdn.sofifa.net/players/245/388/23_180.png, https://cdn.sofifa.net/flags/fr@3x.png
209,Bryan Gil Salvatierra,Spain,CAM,21,77,83,30-Jun-23,Sevilla,1757,https://cdn.sofifa.net/players/246/785/23_180.png, https://cdn.sofifa.net/flags/es@3x.png
210,Ali Al Musrati,Libya,CM,26,81,84,2020 ~ 2026,Sporting Braga,1953,https://cdn.sofifa.net/players/252/308/23_180.png, https://cdn.sofifa.net/flags/ly@3x.png
211,Ronald Araujo,Uruguay,RB,23,83,89,2018 ~ 2026,FC Barcelona,1910,https://cdn.sofifa.net/players/253/163/23_180.png, https://cdn.sofifa.net/flags/uy@3x.png
212,Facundo Pellistri,Uruguay,RM,20,71,82,2020 ~ 2025,Manchester United,1762,https://cdn.sofifa.net/players/253/283/23_180.png, https://cdn.sofifa.net/flags/uy@3x.png
213,Fábio Leandro Carvalho,Portugal,LM,19,74,86,2022 ~ 2028,Liverpool,1802,https://cdn.sofifa.net/players/256/725/23_180.png, https://cdn.sofifa.net/flags/pt@3x.png
214,Amadou Onana,Belgium,CM,20,75,85,2022 ~ 2027,Everton,1904,https://cdn.sofifa.net/players/257/057/23_180.png, https://cdn.sofifa.net/flags/be@3x.png
215,Malo Gusto,France,RB,19,76,85,30-Jun-23,Olympique Lyonnais,1923,https://cdn.sofifa.net/players/259/307/23_180.png, https://cdn.sofifa.net/flags/fr@3x.png
216,Antonio Nusa,Norway,LM,17,66,86,2021 ~ 2027,Club Brugge,1680,https://cdn.sofifa.net/players/262/863/23_180.png, https://cdn.sofifa.net/flags/no@3x.png
217,Johan Bakayoko,Belgium,RW,19,70,86,2019 ~ 2026,PSV,1689,https://cdn.sofifa.net/players/265/450/23_180.png, https://cdn.sofifa.net/flags/be@3x.png
218,Facundo Buonanotte,Argentina,CM,17,68,83,2023 ~ 2026,Brighton & Hove Albion,1603,https://cdn.sofifa.net/players/269/495/23_180.png, https://cdn.sofifa.net/flags/ar@3x.png
219,Robert Lewandowski,Poland,ST,33,91,91,2022 ~ 2025,FC Barcelona,2205,https://cdn.sofifa.net/players/188/545/23_180.png, https://cdn.sofifa.net/flags/pl@3x.png
220,Christian Eriksen,Denmark,CDM,30,83,83,2022 ~ 2025,Manchester United,2024,https://cdn.sofifa.net/players/190/460/23_180.png, https://cdn.sofifa.net/flags/dk@3x.png
221,Harry Maguire,England,CB,29,80,80,2019 ~ 2024,Manchester United,1900,https://cdn.sofifa.net/players/203/263/23_180.png, https://cdn.sofifa.net/flags/gb-eng@3x.png
222,Alejandro Grimaldo García,Spain,LB,26,83,84,2016 ~ 2023,Benfica,2213,https://cdn.sofifa.net/players/210/035/23_180.png, https://cdn.sofifa.net/flags/es@3x.png
223,Marco Asensio Willemsen,Spain,RW,26,83,83,2015 ~ 2023,Real Madrid,2040,https://cdn.sofifa.net/players/220/834/23_180.png, https://cdn.sofifa.net/flags/es@3x.png
224,Victor Lindelöf,Sweden,CB,27,79,80,2017 ~ 2024,Manchester United,1938,https://cdn.sofifa.net/players/221/660/23_180.png, https://cdn.sofifa.net/flags/se@3x.png
225,Frenkie de Jong,Netherlands,CM,25,87,90,2019 ~ 2026,FC Barcelona,2238,https://cdn.sofifa.net/players/228/702/23_180.png, https://cdn.sofifa.net/flags/nl@3x.png
226,Tammy Abraham,England,ST,24,81,85,2021 ~ 2026,Roma,1920,https://cdn.sofifa.net/players/231/352/23_180.png, https://cdn.sofifa.net/flags/gb-eng@3x.png
227,Eberechi Eze,England,LM,24,77,82,2020 ~ 2025,Crystal Palace,1952,https://cdn.sofifa.net/players/235/794/23_180.png, https://cdn.sofifa.net/flags/gb-eng@3x.png
228,Emile Smith Rowe,England,CAM,21,79,86,2017 ~ 2026,Arsenal,1837,https://cdn.sofifa.net/players/240/273/23_180.png, https://cdn.sofifa.net/flags/gb-eng@3x.png
229,Moussa Diaby,France,CF,22,84,88,2019 ~ 2025,Bayer 04 Leverkusen,1959,https://cdn.sofifa.net/players/241/852/23_180.png, https://cdn.sofifa.net/flags/fr@3x.png
230,Tariq Lamptey,Ghana,RWB,21,75,82,2020 ~ 2025,Brighton & Hove Albion,1829,https://cdn.sofifa.net/players/242/418/23_180.png, https://cdn.sofifa.net/flags/gh@3x.png
231,Cody Gakpo,Netherlands,LW,23,83,88,2023 ~ 2028,Liverpool,2065,https://cdn.sofifa.net/players/242/516/23_180.png, https://cdn.sofifa.net/flags/nl@3x.png
232,Rodrygo Silva de Goes,Brazil,ST,21,83,89,2019 ~ 2028,Real Madrid,2003,https://cdn.sofifa.net/players/243/812/23_180.png, https://cdn.sofifa.net/flags/br@3x.png
233,Eric García Martret,Spain,CB,21,76,83,2021 ~ 2026,FC Barcelona,1814,https://cdn.sofifa.net/players/245/037/23_180.png, https://cdn.sofifa.net/flags/es@3x.png
234,Michael Olise,France,RM,20,78,84,2021 ~ 2026,Crystal Palace,1958,https://cdn.sofifa.net/players/247/827/23_180.png, https://cdn.sofifa.net/flags/fr@3x.png
235,Brian Brobbey,Netherlands,ST,20,76,83,2022 ~ 2027,Ajax,1800,https://cdn.sofifa.net/players/251/810/23_180.png, https://cdn.sofifa.net/flags/nl@3x.png
236,Alan Soñora,United States,CDM,23,73,78,Free,United States,2003,https://cdn.sofifa.net/players/252/240/23_180.png, https://cdn.sofifa.net/flags/us@3x.png
237,Jan Paul van Hecke,Netherlands,CB,22,71,78,2020 ~ 2023,Brighton & Hove Albion,1705,https://cdn.sofifa.net/players/258/908/23_180.png, https://cdn.sofifa.net/flags/nl@3x.png
238,Björn Meijer,Netherlands,LWB,19,72,86,2022 ~ 2026,Club Brugge,1921,https://cdn.sofifa.net/players/262/219/23_180.png, https://cdn.sofifa.net/flags/nl@3x.png
239,Tom Bischof,Germany,CAM,17,65,86,2021 ~ 2025,TSG Hoffenheim,1651,https://cdn.sofifa.net/players/263/765/23_180.png, https://cdn.sofifa.net/flags/de@3x.png
240,Eden Hazard,Belgium,LW,31,82,82,2019 ~ 2024,Real Madrid,2022,https://cdn.sofifa.net/players/183/277/23_180.png, https://cdn.sofifa.net/flags/be@3x.png
241,Ángel Di María,Argentina,RM,34,84,84,2022 ~ 2023,Juventus,2160,https://cdn.sofifa.net/players/183/898/23_180.png, https://cdn.sofifa.net/flags/ar@3x.png
242,Luke Shaw,England,CB,26,82,83,2014 ~ 2027,Manchester United,2158,https://cdn.sofifa.net/players/205/988/23_180.png, https://cdn.sofifa.net/flags/gb-eng@3x.png
243,Ismaël Bennacer,Algeria,CM,24,83,87,2019 ~ 2027,Milan,2231,https://cdn.sofifa.net/players/226/754/23_180.png, https://cdn.sofifa.net/flags/dz@3x.png
244,João Maria Palhinha Gonçalves,Portugal,CM,26,82,84,2022 ~ 2027,Fulham,2058,https://cdn.sofifa.net/players/229/391/23_180.png, https://cdn.sofifa.net/flags/pt@3x.png
245,Noussair Mazraoui,Morocco,LB,24,82,85,2022 ~ 2026,FC Bayern München,2093,https://cdn.sofifa.net/players/236/401/23_180.png, https://cdn.sofifa.net/flags/ma@3x.png
246,Pervis Estupiñán,Ecuador,LB,24,79,83,2022 ~ 2027,Brighton & Hove Albion,1912,https://cdn.sofifa.net/players/237/942/23_180.png, https://cdn.sofifa.net/flags/ec@3x.png
247,Noa Lang,Netherlands,ST,23,78,85,2021 ~ 2025,Club Brugge,2029,https://cdn.sofifa.net/players/239/380/23_180.png, https://cdn.sofifa.net/flags/nl@3x.png
248,Oliver Skipp,England,CM,21,77,83,2018 ~ 2024,Tottenham Hotspur,1845,https://cdn.sofifa.net/players/241/042/23_180.png, https://cdn.sofifa.net/flags/gb-eng@3x.png
249,Dominik Livaković,Croatia,GK,27,81,84,2015 ~ 2024,Dinamo Zagreb,1334,https://cdn.sofifa.net/players/241/671/23_180.png, https://cdn.sofifa.net/flags/hr@3x.png
250,William Saliba,France,CB,21,83,89,2019 ~ 2024,Arsenal,1888,https://cdn.sofifa.net/players/243/715/23_180.png, https://cdn.sofifa.net/flags/fr@3x.png
251,Oihan Sancet Tirapu,Spain,ST,22,80,86,2017 ~ 2032,Athletic Club,2065,https://cdn.sofifa.net/players/244/675/23_180.png, https://cdn.sofifa.net/flags/es@3x.png
252,Jurriën Timber,Netherlands,RB,21,79,87,2019 ~ 2025,Ajax,1943,https://cdn.sofifa.net/players/251/805/23_180.png, https://cdn.sofifa.net/flags/nl@3x.png
253,Sven Botman,Netherlands,CB,22,83,88,2022 ~ 2027,Newcastle United,1795,https://cdn.sofifa.net/players/251/809/23_180.png, https://cdn.sofifa.net/flags/nl@3x.png
254,Matías Arezo,Uruguay,ST,19,72,82,2023 ~ 2026,Peñarol,1834,https://cdn.sofifa.net/players/254/653/23_180.png, https://cdn.sofifa.net/flags/uy@3x.png
255,Willian Pacho,Ecuador,CB,20,74,84,2022 ~ 2026,Antwerp,1695,https://cdn.sofifa.net/players/256/196/23_180.png, https://cdn.sofifa.net/flags/ec@3x.png
256,Gabriel Veron Fonseca de Souza,Brazil,LM,19,75,86,2022 ~ 2027,Porto,1727,https://cdn.sofifa.net/players/259/849/23_180.png, https://cdn.sofifa.net/flags/br@3x.png
257,Charlie Patino,England,CDM,18,67,85,30-Jun-23,Blackpool,1748,https://cdn.sofifa.net/players/260/144/23_180.png, https://cdn.sofifa.net/flags/gb-eng@3x.png
258,Exequiel Zeballos,Argentina,LW,20,72,84,2020 ~ 2026,Boca Juniors,1727,https://cdn.sofifa.net/players/260/601/23_180.png, https://cdn.sofifa.net/flags/ar@3x.png
259,Mateo Joseph,England,ST,18,62,82,2022 ~ 2025,Leeds United,1498,https://cdn.sofifa.net/players/270/206/23_180.png, https://cdn.sofifa.net/flags/gb-eng@3x.png
260,Eliesse Ben Seghir,France,ST,17,71,86,2022 ~ 2025,Monaco,1745,https://cdn.sofifa.net/players/272/781/23_180.png, https://cdn.sofifa.net/flags/fr@3x.png
261,İlkay Gündoğan,Germany,CDM,31,85,85,2016 ~ 2023,Manchester City,2191,https://cdn.sofifa.net/players/186/942/23_180.png, https://cdn.sofifa.net/flags/de@3x.png
262,Emre Can,Germany,CB,28,83,83,2020 ~ 2024,Borussia Dortmund,2253,https://cdn.sofifa.net/players/208/333/23_180.png, https://cdn.sofifa.net/flags/de@3x.png
263,Hakim Ziyech,Morocco,CAM,29,82,82,2020 ~ 2025,Chelsea,2064,https://cdn.sofifa.net/players/208/670/23_180.png, https://cdn.sofifa.net/flags/ma@3x.png
264,João Pedro Cavaco Cancelo,Portugal,RM,28,87,87,30-Jun-23,FC Bayern München,2252,https://cdn.sofifa.net/players/210/514/23_180.png, https://cdn.sofifa.net/flags/pt@3x.png
265,Bernardo Mota Carvalho e Silva,Portugal,CM,27,88,88,2017 ~ 2025,Manchester City,2210,https://cdn.sofifa.net/players/218/667/23_180.png, https://cdn.sofifa.net/flags/pt@3x.png
266,Manuel Locatelli,Italy,CM,24,82,86,30-Jun-23,Juventus,2132,https://cdn.sofifa.net/players/222/077/23_180.png, https://cdn.sofifa.net/flags/it@3x.png
267,Reiss Nelson,England,LW,22,73,80,2016 ~ 2023,Arsenal,1781,https://cdn.sofifa.net/players/231/448/23_180.png, https://cdn.sofifa.net/flags/gb-eng@3x.png
268,Gabriel dos S. Magalhães,Brazil,CB,24,82,86,2020 ~ 2027,Arsenal,1744,https://cdn.sofifa.net/players/232/580/23_180.png, https://cdn.sofifa.net/flags/br@3x.png
269,João Pedro Neves Filipe,Portugal,RW,23,77,83,2021 ~ 2027,Celtic,1914,https://cdn.sofifa.net/players/234/570/23_180.png, https://cdn.sofifa.net/flags/pt@3x.png
270,Jérémy Doku,Belgium,RW,20,75,85,2020 ~ 2025,Rennes,1779,https://cdn.sofifa.net/players/246/420/23_180.png, https://cdn.sofifa.net/flags/be@3x.png
271,Brenden Aaronson,United States,CM,21,75,83,2022 ~ 2027,Leeds United,1939,https://cdn.sofifa.net/players/247/361/23_180.png, https://cdn.sofifa.net/flags/us@3x.png
272,Gustav Isaksen,Denmark,LW,21,73,82,2019 ~ 2025,Midtjylland,1766,https://cdn.sofifa.net/players/248/729/23_180.png, https://cdn.sofifa.net/flags/dk@3x.png
273,Sergiño Dest,United States,LB,21,76,83,30-Jun-23,Milan,1981,https://cdn.sofifa.net/players/251/804/23_180.png, https://cdn.sofifa.net/flags/us@3x.png
274,Nuno Alexandre Tavares Mendes,Portugal,LWB,20,81,89,2021 ~ 2026,Paris Saint Germain,2088,https://cdn.sofifa.net/players/252/145/23_180.png, https://cdn.sofifa.net/flags/pt@3x.png
275,Mike Trésor,Belgium,CAM,23,77,83,2021 ~ 2025,Genk,1854,https://cdn.sofifa.net/players/253/150/23_180.png, https://cdn.sofifa.net/flags/be@3x.png
276,Amad Diallo,Côte d'Ivoire,CAM,19,73,85,30-Jun-23,Sunderland,1741,https://cdn.sofifa.net/players/254/088/23_180.png, https://cdn.sofifa.net/flags/ci@3x.png
277,Kenneth Taylor,Netherlands,CDM,20,75,84,2018 ~ 2027,Ajax,1994,https://cdn.sofifa.net/players/255/009/23_180.png, https://cdn.sofifa.net/flags/nl@3x.png
278,Luca Netz,Germany,LM,19,73,83,2021 ~ 2026,Borussia Mönchengladbach,1800,https://cdn.sofifa.net/players/256/781/23_180.png, https://cdn.sofifa.net/flags/de@3x.png
279,Osman Bukari,Ghana,ST,23,72,74,Free,Ghana,1809,https://cdn.sofifa.net/players/258/608/23_180.png, https://cdn.sofifa.net/flags/gh@3x.png
280,Tino Livramento,England,RB,19,74,84,2021 ~ 2026,Southampton,1841,https://cdn.sofifa.net/players/262/118/23_180.png, https://cdn.sofifa.net/flags/gb-eng@3x.png
281,Matteo Cancellieri,Italy,CF,19,73,86,30-Jun-23,Lazio,1874,https://cdn.sofifa.net/players/263/929/23_180.png, https://cdn.sofifa.net/flags/it@3x.png
282,Micky van de Ven,Netherlands,LB,21,77,85,2021 ~ 2027,VfL Wolfsburg,1808,https://cdn.sofifa.net/players/264/453/23_180.png, https://cdn.sofifa.net/flags/nl@3x.png
283,L. Henrique Rosa da Silva,Brazil,LM,21,75,85,2022 ~ 2028,Real Betis,1882,https://cdn.sofifa.net/players/264/698/23_180.png, https://cdn.sofifa.net/flags/br@3x.png
284,Marko Lazetić,Serbia,LM,18,65,84,30-Jun-23,Rheindorf Altach,1659,https://cdn.sofifa.net/players/266/891/23_180.png, https://cdn.sofifa.net/flags/rs@3x.png
285,Mathys Tel,France,RM,17,67,86,2022 ~ 2027,FC Bayern München,1679,https://cdn.sofifa.net/players/268/421/23_180.png, https://cdn.sofifa.net/flags/fr@3x.png
286,André Nogueira Gomes,Portugal,GK,17,63,86,2022 ~ 2028,Benfica,1080,https://cdn.sofifa.net/players/273/998/23_180.png, https://cdn.sofifa.net/flags/pt@3x.png
287,Calvin Bassey,Nigeria,LB,22,74,82,2022 ~ 2027,Ajax,1874,https://cdn.sofifa.net/players/241/436/23_180.png, https://cdn.sofifa.net/flags/ng@3x.png
288,Maarten Vandevoordt,Belgium,GK,20,74,84,2018 ~ 2023,Genk,1130,https://cdn.sofifa.net/players/242/879/23_180.png, https://cdn.sofifa.net/flags/be@3x.png
289,Borna Sosa,Croatia,LWB,24,79,83,2018 ~ 2025,VfB Stuttgart,2000,https://cdn.sofifa.net/players/243/388/23_180.png, https://cdn.sofifa.net/flags/hr@3x.png
290,Armand Laurienté,France,ST,23,77,82,2022 ~ 2027,Sassuolo,1899,https://cdn.sofifa.net/players/243/593/23_180.png, https://cdn.sofifa.net/flags/fr@3x.png
291,Maxence Lacroix,France,CB,22,76,84,2020 ~ 2025,VfL Wolfsburg,1719,https://cdn.sofifa.net/players/244/067/23_180.png, https://cdn.sofifa.net/flags/fr@3x.png
292,Jacob Ramsey,England,LM,21,75,83,2017 ~ 2027,Aston Villa,2079,https://cdn.sofifa.net/players/246/923/23_180.png, https://cdn.sofifa.net/flags/gb-eng@3x.png
293,Mateus Tetê,Brazil,RW,22,77,86,30-Jun-23,Leicester City,1869,https://cdn.sofifa.net/players/247/641/23_180.png, https://cdn.sofifa.net/flags/br@3x.png
294,Giacomo Raspadori,Italy,ST,22,79,86,30-Jun-23,Napoli,1869,https://cdn.sofifa.net/players/253/002/23_180.png, https://cdn.sofifa.net/flags/it@3x.png
295,Fábio Daniel Ferreira Vieira,Portugal,RW,22,77,86,2022 ~ 2027,Arsenal,1852,https://cdn.sofifa.net/players/256/958/23_180.png, https://cdn.sofifa.net/flags/pt@3x.png
296,Hugo Ekitike,France,ST,20,76,84,30-Jun-23,Paris Saint Germain,1749,https://cdn.sofifa.net/players/257/289/23_180.png, https://cdn.sofifa.net/flags/fr@3x.png
297,Devyne Rensch,Netherlands,LB,19,74,84,2019 ~ 2025,Ajax,1883,https://cdn.sofifa.net/players/258/826/23_180.png, https://cdn.sofifa.net/flags/nl@3x.png
298,Kaio Jorge Pinto Ramos,Brazil,ST,20,71,82,2021 ~ 2026,Juventus,1723,https://cdn.sofifa.net/players/260/644/23_180.png, https://cdn.sofifa.net/flags/br@3x.png
299,Quentin Merlin,France,LWB,20,71,84,2020 ~ 2026,Nantes,1921,https://cdn.sofifa.net/players/261/616/23_180.png, https://cdn.sofifa.net/flags/fr@3x.png
300,Zlatan Ibrahimović,Sweden,ST,40,80,80,2020 ~ 2023,Milan,1946,https://cdn.sofifa.net/players/041/236/23_180.png, https://cdn.sofifa.net/flags/se@3x.png
301,Sergio Ramos García,Spain,CB,36,84,84,2021 ~ 2023,Paris Saint Germain,2136,https://cdn.sofifa.net/players/155/862/23_180.png, https://cdn.sofifa.net/flags/es@3x.png
302,Kyle Walker,England,RB,32,84,84,2017 ~ 2024,Manchester City,2186,https://cdn.sofifa.net/players/188/377/23_180.png, https://cdn.sofifa.net/flags/gb-eng@3x.png
303,Jordi Alba Ramos,Spain,LB,33,85,85,2012 ~ 2024,FC Barcelona,2218,https://cdn.sofifa.net/players/189/332/23_180.png, https://cdn.sofifa.net/flags/es@3x.png
304,Heung Min Son,Korea Republic,LW,29,88,88,2015 ~ 2025,Tottenham Hotspur,2129,https://cdn.sofifa.net/players/200/104/23_180.png, https://cdn.sofifa.net/flags/kr@3x.png
305,Mauro Icardi,Argentina,ST,29,79,79,30-Jun-23,Galatasaray,1906,https://cdn.sofifa.net/players/201/399/23_180.png, https://cdn.sofifa.net/flags/ar@3x.png
306,Oumar Niasse,Senegal,ST,32,64,64,2023 ~ 2023,Morecambe,1590,https://cdn.sofifa.net/players/208/339/23_180.png, https://cdn.sofifa.net/flags/sn@3x.png
307,Thomas Lemar,France,RM,26,83,84,2018 ~ 2027,Atlético Madrid,2214,https://cdn.sofifa.net/players/213/565/23_180.png, https://cdn.sofifa.net/flags/fr@3x.png
308,Andreas Christensen,Denmark,CB,26,82,85,2022 ~ 2026,FC Barcelona,1782,https://cdn.sofifa.net/players/213/661/23_180.png, https://cdn.sofifa.net/flags/dk@3x.png
309,Ruben Loftus-Cheek,England,RM,26,77,78,2013 ~ 2024,Chelsea,1987,https://cdn.sofifa.net/players/213/666/23_180.png, https://cdn.sofifa.net/flags/gb-eng@3x.png
310,Donny van de Beek,Netherlands,CDM,25,77,80,2020 ~ 2025,Manchester United,2083,https://cdn.sofifa.net/players/221/363/23_180.png, https://cdn.sofifa.net/flags/nl@3x.png
311,Nicolò Barella,Italy,CM,25,85,87,2020 ~ 2026,Inter,2297,https://cdn.sofifa.net/players/224/232/23_180.png, https://cdn.sofifa.net/flags/it@3x.png
312,Manuel Akanji,Switzerland,CB,26,82,83,2022 ~ 2027,Manchester City,1965,https://cdn.sofifa.net/players/229/237/23_180.png, https://cdn.sofifa.net/flags/ch@3x.png
313,Mikel Oyarzabal Ugarte,Spain,LW,25,83,84,2014 ~ 2028,Real Sociedad,2033,https://cdn.sofifa.net/players/230/142/23_180.png, https://cdn.sofifa.net/flags/es@3x.png
314,Franck Yannick Kessié,Côte d'Ivoire,CAM,25,84,86,2022 ~ 2026,FC Barcelona,2206,https://cdn.sofifa.net/players/230/938/23_180.png, https://cdn.sofifa.net/flags/ci@3x.png
315,Donyell Malen,Netherlands,LM,23,79,82,2021 ~ 2026,Borussia Dortmund,1994,https://cdn.sofifa.net/players/231/447/23_180.png, https://cdn.sofifa.net/flags/nl@3x.png
316,Alban Lafont,France,GK,23,79,84,2021 ~ 2024,Nantes,1258,https://cdn.sofifa.net/players/231/691/23_180.png, https://cdn.sofifa.net/flags/fr@3x.png
317,Richarlison de Andrade,Brazil,LW,25,81,84,2022 ~ 2027,Tottenham Hotspur,2106,https://cdn.sofifa.net/players/231/943/23_180.png, https://cdn.sofifa.net/flags/br@3x.png
318,Milan Škriniar,Slovakia,CB,27,85,85,2017 ~ 2023,Inter,1846,https://cdn.sofifa.net/players/232/363/23_180.png, https://cdn.sofifa.net/flags/sk@3x.png
319,Lucas Tolentino Coelho de Lima,Brazil,CM,24,81,86,2022 ~ 2027,West Ham United,2181,https://cdn.sofifa.net/players/233/927/23_180.png, https://cdn.sofifa.net/flags/br@3x.png
320,Niklas Schmidt,Germany,CF,24,70,75,2018 ~ 2025,Werder Bremen,1847,https://cdn.sofifa.net/players/235/022/23_180.png, https://cdn.sofifa.net/flags/de@3x.png
321,Carlos Acevedo,Mexico,GK,26,77,78,Free,Mexico,1313,https://cdn.sofifa.net/players/235/183/23_180.png, https://cdn.sofifa.net/flags/mx@3x.png
322,Youssef En-Nesyri,Morocco,ST,25,80,83,2020 ~ 2025,Sevilla,1925,https://cdn.sofifa.net/players/235/410/23_180.png, https://cdn.sofifa.net/flags/ma@3x.png
323,David Raum,Germany,LM,24,79,84,2022 ~ 2027,RB Leipzig,2055,https://cdn.sofifa.net/players/236/703/23_180.png, https://cdn.sofifa.net/flags/de@3x.png
324,Nicolò Zaniolo,Italy,RM,22,80,84,2023 ~ 2027,Galatasaray,2081,https://cdn.sofifa.net/players/238/067/23_180.png, https://cdn.sofifa.net/flags/it@3x.png
325,Marc Cucurella Saseta,Spain,LWB,23,80,84,2022 ~ 2028,Chelsea,2126,https://cdn.sofifa.net/players/239/231/23_180.png, https://cdn.sofifa.net/flags/es@3x.png
327,Rodrigo Bentancur,Uruguay,CM,25,82,86,2022 ~ 2026,Tottenham Hotspur,2163,https://cdn.sofifa.net/players/227/535/23_180.png, https://cdn.sofifa.net/flags/uy@3x.png
328,Lorenzo Pellegrini,Italy,CF,26,83,85,2017 ~ 2026,Roma,2250,https://cdn.sofifa.net/players/228/251/23_180.png, https://cdn.sofifa.net/flags/it@3x.png
329,Robert Lynch Sánchez,Spain,GK,24,79,82,2015 ~ 2025,Brighton & Hove Albion,1295,https://cdn.sofifa.net/players/228/789/23_180.png, https://cdn.sofifa.net/flags/es@3x.png
330,Davide Calabria,Italy,RWB,25,80,83,2015 ~ 2025,Milan,2036,https://cdn.sofifa.net/players/228/881/23_180.png, https://cdn.sofifa.net/flags/it@3x.png
331,Denis Zakaria,Switzerland,CM,25,80,85,30-Jun-23,Chelsea,2039,https://cdn.sofifa.net/players/229/261/23_180.png, https://cdn.sofifa.net/flags/ch@3x.png
332,Brahim Díaz,Spain,RW,22,79,84,30-Jun-23,Milan,1830,https://cdn.sofifa.net/players/231/410/23_180.png, https://cdn.sofifa.net/flags/es@3x.png
333,Akram Afif,Qatar,CAM,25,76,77,Free,Qatar,1847,https://cdn.sofifa.net/players/234/051/23_180.png, https://cdn.sofifa.net/flags/qa@3x.png
334,Facundo Medina,Argentina,CB,23,78,83,2020 ~ 2026,Lens,1779,https://cdn.sofifa.net/players/236/804/23_180.png, https://cdn.sofifa.net/flags/ar@3x.png
335,Nicolás González,Argentina,LW,24,80,83,2021 ~ 2026,Fiorentina,1985,https://cdn.sofifa.net/players/240/690/23_180.png, https://cdn.sofifa.net/flags/ar@3x.png
336,Tyrick Mitchell,England,LB,22,76,82,2017 ~ 2025,Crystal Palace,1798,https://cdn.sofifa.net/players/240/947/23_180.png, https://cdn.sofifa.net/flags/gb-eng@3x.png
337,Mateo Retegui,Italy,ST,23,77,84,31-Dec-23,Tigre,1848,https://cdn.sofifa.net/players/241/850/23_180.png, https://cdn.sofifa.net/flags/it@3x.png
338,Jordan Beyer,Germany,RB,22,75,82,30-Jun-23,Burnley,1755,https://cdn.sofifa.net/players/242/660/23_180.png, https://cdn.sofifa.net/flags/de@3x.png
339,Giovanni Reyna,United States,LM,19,78,85,2019 ~ 2025,Borussia Dortmund,1933,https://cdn.sofifa.net/players/245/541/23_180.png, https://cdn.sofifa.net/flags/us@3x.png
340,Billy Gilmour,Scotland,CDM,21,72,80,2022 ~ 2026,Brighton & Hove Albion,1851,https://cdn.sofifa.net/players/245/992/23_180.png, https://cdn.sofifa.net/flags/gb-sct@3x.png
341,Mads Bidstrup,Denmark,CM,21,73,82,30-Jun-23,Nordsjælland,1882,https://cdn.sofifa.net/players/246/402/23_180.png, https://cdn.sofifa.net/flags/dk@3x.png
342,Manor Solomon,Israel,CAM,22,77,84,30-Jun-23,Fulham,1870,https://cdn.sofifa.net/players/246/791/23_180.png, https://cdn.sofifa.net/flags/il@3x.png
343,Edmond Tapsoba,Burkina Faso,CB,23,81,85,2020 ~ 2026,Bayer 04 Leverkusen,1914,https://cdn.sofifa.net/players/247/263/23_180.png, https://cdn.sofifa.net/flags/bf@3x.png
344,Gastón Ávila,Argentina,CB,20,71,82,2022 ~ 2027,Antwerp,1833,https://cdn.sofifa.net/players/247/467/23_180.png, https://cdn.sofifa.net/flags/ar@3x.png
345,Gabriel Slonina,United States,GK,18,66,81,2022 ~ 2028,Chelsea,1044,https://cdn.sofifa.net/players/248/158/23_180.png, https://cdn.sofifa.net/flags/us@3x.png
346,Milan van Ewijk,Netherlands,RB,21,74,82,2021 ~ 2025,SC Heerenveen,1851,https://cdn.sofifa.net/players/251/626/23_180.png, https://cdn.sofifa.net/flags/nl@3x.png
347,Talles Magno Bacelar Martins,Brazil,LM,20,73,84,2021 ~ 2026,New York City,1757,https://cdn.sofifa.net/players/253/755/23_180.png, https://cdn.sofifa.net/flags/br@3x.png
348,Josip Šutalo,Croatia,CB,22,77,85,2018 ~ 2028,Dinamo Zagreb,1743,https://cdn.sofifa.net/players/256/325/23_180.png, https://cdn.sofifa.net/flags/hr@3x.png
349,F. Evanilson de Lima Barbosa,Brazil,ST,22,78,85,2020 ~ 2027,Porto,1794,https://cdn.sofifa.net/players/256/612/23_180.png, https://cdn.sofifa.net/flags/br@3x.png
350,Jamal Musiala,Germany,CM,19,84,92,2020 ~ 2026,FC Bayern München,2042,https://cdn.sofifa.net/players/256/790/23_180.png, https://cdn.sofifa.net/flags/de@3x.png
351,Nicolas Seiwald,Austria,CDM,21,75,84,2020 ~ 2026,Salzburg,2016,https://cdn.sofifa.net/players/257/876/23_180.png, https://cdn.sofifa.net/flags/at@3x.png
352,Luka Romero,Argentina,RW,17,69,84,2021 ~ 2023,Lazio,1837,https://cdn.sofifa.net/players/258/467/23_180.png, https://cdn.sofifa.net/flags/ar@3x.png
353,Gabriel Veiga Novas,Spain,CAM,20,69,85,2019 ~ 2026,Celta de Vigo,1819,https://cdn.sofifa.net/players/258/729/23_180.png, https://cdn.sofifa.net/flags/es@3x.png
354,Castello Lukeba,France,CB,19,77,85,2021 ~ 2025,Olympique Lyonnais,1868,https://cdn.sofifa.net/players/262/138/23_180.png, https://cdn.sofifa.net/flags/fr@3x.png
355,Stipe Biuk,Croatia,LW,19,71,85,2023 ~ 2026,Los Angeles FC,1720,https://cdn.sofifa.net/players/262/585/23_180.png, https://cdn.sofifa.net/flags/hr@3x.png
356,Vinicius de Souza Costa,Brazil,CB,23,77,84,2020 ~ 2025,Espanyol,1826,https://cdn.sofifa.net/players/262/929/23_180.png, https://cdn.sofifa.net/flags/br@3x.png
357,Jesurun Rak-Sakyi,England,RM,19,69,80,30-Jun-23,Charlton Athletic,1670,https://cdn.sofifa.net/players/264/035/23_180.png, https://cdn.sofifa.net/flags/gb-eng@3x.png
358,Roony Bardghji,Sweden,RW,16,66,86,2021 ~ 2025,København,1611,https://cdn.sofifa.net/players/265/600/23_180.png, https://cdn.sofifa.net/flags/se@3x.png
359,Matías Soulé,Argentina,RW,19,70,85,2021 ~ 2026,Juventus,1759,https://cdn.sofifa.net/players/265/695/23_180.png, https://cdn.sofifa.net/flags/ar@3x.png
360,Kieran Trippier,England,RB,31,84,84,2022 ~ 2025,Newcastle United,2214,https://cdn.sofifa.net/players/186/345/23_180.png, https://cdn.sofifa.net/flags/gb-eng@3x.png
361,Pierre-Emerick Aubameyang,Gabon,ST,33,82,82,2022 ~ 2024,Chelsea,1996,https://cdn.sofifa.net/players/188/567/23_180.png, https://cdn.sofifa.net/flags/ga@3x.png
362,Kevin De Bruyne,Belgium,CAM,31,91,91,2015 ~ 2025,Manchester City,2299,https://cdn.sofifa.net/players/192/985/23_180.png, https://cdn.sofifa.net/flags/be@3x.png
363,Emiliano Martínez,Argentina,GK,29,85,85,2020 ~ 2027,Aston Villa,1472,https://cdn.sofifa.net/players/202/811/23_180.png, https://cdn.sofifa.net/flags/ar@3x.png
364,Jack Grealish,England,LM,26,84,84,2021 ~ 2027,Manchester City,2084,https://cdn.sofifa.net/players/206/517/23_180.png, https://cdn.sofifa.net/flags/gb-eng@3x.png
365,Nathan Aké,Netherlands,LB,27,80,81,2020 ~ 2025,Manchester City,2012,https://cdn.sofifa.net/players/208/920/23_180.png, https://cdn.sofifa.net/flags/nl@3x.png
366,Ivan Toney,England,ST,26,80,81,2020 ~ 2025,Brentford,2084,https://cdn.sofifa.net/players/212/228/23_180.png, https://cdn.sofifa.net/flags/gb-eng@3x.png
367,Anderson Souza Conceição,Brazil,CAM,28,82,82,2021 ~ 2026,Al Nassr,2144,https://cdn.sofifa.net/players/212/523/23_180.png, https://cdn.sofifa.net/flags/br@3x.png
368,Allan Saint-Maximin,France,LM,25,81,82,2019 ~ 2026,Newcastle United,1930,https://cdn.sofifa.net/players/216/388/23_180.png, https://cdn.sofifa.net/flags/fr@3x.png
369,Antonio Sanabria,Paraguay,ST,26,75,76,2021 ~ 2025,Torino,1839,https://cdn.sofifa.net/players/219/932/23_180.png, https://cdn.sofifa.net/flags/py@3x.png
370,Joelinton Apolinário de Lira,Brazil,LW,25,80,83,2019 ~ 2024,Newcastle United,2132,https://cdn.sofifa.net/players/223/334/23_180.png, https://cdn.sofifa.net/flags/br@3x.png
371,Rúben Diogo da Silva Neves,Portugal,CM,25,83,86,2017 ~ 2024,Wolverhampton Wanderers,2178,https://cdn.sofifa.net/players/224/293/23_180.png, https://cdn.sofifa.net/flags/pt@3x.png
372,Kieran Tierney,Scotland,LB,25,80,84,2019 ~ 2024,Arsenal,2081,https://cdn.sofifa.net/players/226/491/23_180.png, https://cdn.sofifa.net/flags/gb-sct@3x.png
374,Paulo Dybala,Argentina,CAM,28,86,86,2022 ~ 2025,Roma,2116,https://cdn.sofifa.net/players/211/110/23_180.png, https://cdn.sofifa.net/flags/ar@3x.png
375,Timo Werner,Germany,LW,26,82,83,2022 ~ 2026,RB Leipzig,1996,https://cdn.sofifa.net/players/212/188/23_180.png, https://cdn.sofifa.net/flags/de@3x.png
376,Bruno Miguel Borges Fernandes,Portugal,RM,27,87,87,2020 ~ 2026,Manchester United,2324,https://cdn.sofifa.net/players/212/198/23_180.png, https://cdn.sofifa.net/flags/pt@3x.png
377,Pierre-Emile Højbjerg,Denmark,CM,26,84,86,2020 ~ 2025,Tottenham Hotspur,2123,https://cdn.sofifa.net/players/213/648/23_180.png, https://cdn.sofifa.net/flags/dk@3x.png
378,Sergej Milinković-Savić,Serbia,CM,27,86,86,2015 ~ 2024,Lazio,2250,https://cdn.sofifa.net/players/223/848/23_180.png, https://cdn.sofifa.net/flags/rs@3x.png
379,Ryan Kent,England,CF,25,76,77,2019 ~ 2023,Rangers,1928,https://cdn.sofifa.net/players/224/520/23_180.png, https://cdn.sofifa.net/flags/gb-eng@3x.png
380,Nordi Mukiele,France,CB,24,79,83,2022 ~ 2027,Paris Saint Germain,1972,https://cdn.sofifa.net/players/226/166/23_180.png, https://cdn.sofifa.net/flags/fr@3x.png
381,André-Franck Zambo Anguissa,Cameroon,CM,26,82,84,2022 ~ 2027,Napoli,2135,https://cdn.sofifa.net/players/227/236/23_180.png, https://cdn.sofifa.net/flags/cm@3x.png
382,Gianluigi Donnarumma,Italy,GK,23,88,92,2021 ~ 2026,Paris Saint Germain,1374,https://cdn.sofifa.net/players/230/621/23_180.png, https://cdn.sofifa.net/flags/it@3x.png
383,Renato Júnior Luz Sanches,Portugal,RM,24,78,83,2022 ~ 2027,Paris Saint Germain,2181,https://cdn.sofifa.net/players/230/767/23_180.png, https://cdn.sofifa.net/flags/pt@3x.png
384,Exequiel Palacios,Argentina,CAM,23,80,85,2020 ~ 2025,Bayer 04 Leverkusen,2106,https://cdn.sofifa.net/players/231/521/23_180.png, https://cdn.sofifa.net/flags/ar@3x.png
385,Ben Brereton Díaz,Chile,LM,23,74,81,2019 ~ 2023,Blackburn Rovers,1892,https://cdn.sofifa.net/players/233/795/23_180.png, https://cdn.sofifa.net/flags/cl@3x.png
386,José Diogo Dalot Teixeira,Portugal,RB,23,80,86,2018 ~ 2024,Manchester United,2098,https://cdn.sofifa.net/players/234/574/23_180.png, https://cdn.sofifa.net/flags/pt@3x.png
387,Ferdi Kadioglu,Turkey,LM,22,76,82,2018 ~ 2026,Fenerbahçe,2023,https://cdn.sofifa.net/players/235/152/23_180.png, https://cdn.sofifa.net/flags/tr@3x.png
388,Matthijs de Ligt,Netherlands,CB,22,85,89,2022 ~ 2027,FC Bayern München,1970,https://cdn.sofifa.net/players/235/243/23_180.png, https://cdn.sofifa.net/flags/nl@3x.png
389,Ryan Sessegnon,England,LB,22,76,82,2019 ~ 2025,Tottenham Hotspur,1967,https://cdn.sofifa.net/players/235/883/23_180.png, https://cdn.sofifa.net/flags/gb-eng@3x.png
390,Owen Wijndal,Netherlands,LB,22,77,82,2022 ~ 2027,Ajax,1977,https://cdn.sofifa.net/players/236/572/23_180.png, https://cdn.sofifa.net/flags/nl@3x.png
391,Ibrahima Konaté,France,CB,23,81,88,2021 ~ 2026,Liverpool,1747,https://cdn.sofifa.net/players/237/678/23_180.png, https://cdn.sofifa.net/flags/fr@3x.png
392,Gleison Bremer Silva Nascimento,Brazil,CB,25,83,87,2022 ~ 2027,Juventus,1886,https://cdn.sofifa.net/players/239/580/23_180.png, https://cdn.sofifa.net/flags/br@3x.png
393,Jakub Moder,Poland,LM,23,74,80,2020 ~ 2025,Brighton & Hove Albion,2021,https://cdn.sofifa.net/players/239/778/23_180.png, https://cdn.sofifa.net/flags/pl@3x.png
394,Amine Gouiri,France,LM,22,79,86,2022 ~ 2027,Rennes,2026,https://cdn.sofifa.net/players/240/753/23_180.png, https://cdn.sofifa.net/flags/fr@3x.png
395,Ferran Torres García,Spain,ST,22,82,88,2022 ~ 2027,FC Barcelona,2030,https://cdn.sofifa.net/players/241/461/23_180.png, https://cdn.sofifa.net/flags/es@3x.png
396,Igor Julio dos Santos de Paulo,Brazil,CB,24,77,82,2021 ~ 2024,Fiorentina,1664,https://cdn.sofifa.net/players/241/585/23_180.png, https://cdn.sofifa.net/flags/br@3x.png
397,Aurélien Tchouaméni,France,CM,22,83,89,2022 ~ 2028,Real Madrid,2138,https://cdn.sofifa.net/players/241/637/23_180.png, https://cdn.sofifa.net/flags/fr@3x.png
398,Noah Okafor,Switzerland,CAM,22,76,83,2020 ~ 2024,Salzburg,1911,https://cdn.sofifa.net/players/242/530/23_180.png, https://cdn.sofifa.net/flags/ch@3x.png
399,Djed Spence,England,RB,21,75,84,30-Jun-23,Rennes,1720,https://cdn.sofifa.net/players/243/702/23_180.png, https://cdn.sofifa.net/flags/gb-eng@3x.png
400,Pedro De la Vega,Argentina,LM,21,74,83,2018 ~ 2025,Lanús,1984,https://cdn.sofifa.net/players/246/045/23_180.png, https://cdn.sofifa.net/flags/ar@3x.png
401,Jhon Durán,Colombia,ST,18,65,83,2023 ~ 2028,Aston Villa,1557,https://cdn.sofifa.net/players/247/172/23_180.png, https://cdn.sofifa.net/flags/co@3x.png
402,João Pedro Junqueira de Jesus,Brazil,CAM,20,73,84,2020 ~ 2025,Watford,1707,https://cdn.sofifa.net/players/252/042/23_180.png, https://cdn.sofifa.net/flags/br@3x.png
403,Paolo Reyna,Peru,LM,20,71,80,2019 ~ 2022,Melgar,1718,https://cdn.sofifa.net/players/254/204/23_180.png, https://cdn.sofifa.net/flags/pe@3x.png
404,Santiago Hezze,Argentina,CM,20,74,84,2020 ~ 2024,Huracán,1869,https://cdn.sofifa.net/players/255/971/23_180.png, https://cdn.sofifa.net/flags/ar@3x.png
405,Malick Thiaw,Germany,CB,20,76,84,2022 ~ 2027,Milan,1842,https://cdn.sofifa.net/players/256/261/23_180.png, https://cdn.sofifa.net/flags/de@3x.png
406,Adrien Truffert,France,LB,20,76,84,2019 ~ 2025,Rennes,1935,https://cdn.sofifa.net/players/256/769/23_180.png, https://cdn.sofifa.net/flags/fr@3x.png
407,Anton Stach,Germany,CF,23,75,81,2021 ~ 2024,FSV Mainz 05,2012,https://cdn.sofifa.net/players/257/191/23_180.png, https://cdn.sofifa.net/flags/de@3x.png
408,Kerem Aktürkoğlu,Turkey,LW,23,76,80,2020 ~ 2026,Galatasaray,1857,https://cdn.sofifa.net/players/258/580/23_180.png, https://cdn.sofifa.net/flags/tr@3x.png
409,Mees Hilgers,Netherlands,RB,21,73,84,2020 ~ 2024,FC Twente,1698,https://cdn.sofifa.net/players/259/163/23_180.png, https://cdn.sofifa.net/flags/nl@3x.png
410,Nicola Zalewski,Poland,LM,20,75,83,2020 ~ 2025,Roma,1853,https://cdn.sofifa.net/players/262/113/23_180.png, https://cdn.sofifa.net/flags/pl@3x.png
411,Sidney Raebiger,Germany,CAM,17,62,84,2022 ~ 2025,SpVgg Greuther Fürth,1721,https://cdn.sofifa.net/players/262/242/23_180.png, https://cdn.sofifa.net/flags/de@3x.png
412,Raphael Onyedika,Nigeria,CM,21,73,84,2022 ~ 2027,Club Brugge,1859,https://cdn.sofifa.net/players/262/880/23_180.png, https://cdn.sofifa.net/flags/ng@3x.png
413,Jeremy Sarmiento,Ecuador,CAM,20,67,81,2021 ~ 2026,Brighton & Hove Albion,1629,https://cdn.sofifa.net/players/263/522/23_180.png, https://cdn.sofifa.net/flags/ec@3x.png
414,Vanderson de Oliveira Campos,Brazil,RM,21,76,84,2022 ~ 2027,Monaco,1992,https://cdn.sofifa.net/players/263/781/23_180.png, https://cdn.sofifa.net/flags/br@3x.png
415,Iker Bravo Solanilla,Spain,RW,17,65,84,30-Jun-23,Real Madrid,1537,https://cdn.sofifa.net/players/265/194/23_180.png, https://cdn.sofifa.net/flags/es@3x.png
416,Garang Kuol,Australia,RM,17,62,80,30-Jun-23,Hearts,1480,https://cdn.sofifa.net/players/268/460/23_180.png, https://cdn.sofifa.net/flags/au@3x.png
417,Hugo Larsson,Sweden,CDM,18,66,83,2022 ~ 2026,Malmö FF,1776,https://cdn.sofifa.net/players/268/896/23_180.png, https://cdn.sofifa.net/flags/se@3x.png
418,Luca Langoni,Argentina,ST,20,72,83,2022 ~ 2026,Boca Juniors,1737,https://cdn.sofifa.net/players/270/107/23_180.png, https://cdn.sofifa.net/flags/ar@3x.png
419,Álvaro Daniel Rodríguez Muñoz,Uruguay,LW,17,62,83,2021 ~ 2027,Real Madrid,1521,https://cdn.sofifa.net/players/272/445/23_180.png, https://cdn.sofifa.net/flags/uy@3x.png
420,Sergio Busquets Burgos,Spain,CDM,33,85,85,2008 ~ 2023,FC Barcelona,2002,https://cdn.sofifa.net/players/189/511/23_180.png, https://cdn.sofifa.net/flags/es@3x.png
421,Memphis Depay,Netherlands,ST,28,85,85,2023 ~ 2025,Atlético Madrid,2082,https://cdn.sofifa.net/players/202/556/23_180.png, https://cdn.sofifa.net/flags/nl@3x.png
422,Virgil van Dijk,Netherlands,CB,30,88,88,2018 ~ 2025,Liverpool,2103,https://cdn.sofifa.net/players/203/376/23_180.png, https://cdn.sofifa.net/flags/nl@3x.png
423,Saúl Ñíguez Esclápez,Spain,LWB,27,80,80,2013 ~ 2026,Atlético Madrid,2150,https://cdn.sofifa.net/players/208/421/23_180.png, https://cdn.sofifa.net/flags/es@3x.png
425,Karim Benzema,France,ST,34,91,91,2009 ~ 2023,Real Madrid,2143,https://cdn.sofifa.net/players/165/153/23_180.png, https://cdn.sofifa.net/flags/fr@3x.png
426,Mario Balotelli,Italy,ST,31,76,76,2022 ~ 2024,Sion,1854,https://cdn.sofifa.net/players/186/627/23_180.png, https://cdn.sofifa.net/flags/it@3x.png
427,David De Gea Quintana,Spain,GK,31,87,87,2011 ~ 2023,Manchester United,1302,https://cdn.sofifa.net/players/193/080/23_180.png, https://cdn.sofifa.net/flags/es@3x.png
428,Stefan de Vrij,Netherlands,CB,30,83,83,2018 ~ 2023,Inter,1863,https://cdn.sofifa.net/players/198/176/23_180.png, https://cdn.sofifa.net/flags/nl@3x.png
429,Sergio Roberto Carnicer,Spain,CM,30,80,80,2013 ~ 2024,FC Barcelona,2055,https://cdn.sofifa.net/players/199/564/23_180.png, https://cdn.sofifa.net/flags/es@3x.png
430,Sébastien Haller,Côte d'Ivoire,ST,28,82,82,2022 ~ 2026,Borussia Dortmund,1945,https://cdn.sofifa.net/players/205/693/23_180.png, https://cdn.sofifa.net/flags/ci@3x.png
431,Kingsley Coman,France,LM,26,85,86,2015 ~ 2027,FC Bayern München,1973,https://cdn.sofifa.net/players/213/345/23_180.png, https://cdn.sofifa.net/flags/fr@3x.png
432,Aleksandar Mitrović,Serbia,ST,27,79,79,2018 ~ 2026,Fulham,1847,https://cdn.sofifa.net/players/215/716/23_180.png, https://cdn.sofifa.net/flags/rs@3x.png
433,Andrew Robertson,Scotland,LB,28,86,86,2017 ~ 2026,Liverpool,2155,https://cdn.sofifa.net/players/216/267/23_180.png, https://cdn.sofifa.net/flags/gb-sct@3x.png
434,Youri Tielemans,Belgium,CDM,25,83,85,2019 ~ 2023,Leicester City,2166,https://cdn.sofifa.net/players/216/393/23_180.png, https://cdn.sofifa.net/flags/be@3x.png
435,Nabil Fekir,France,CAM,28,84,84,2019 ~ 2026,Real Betis,2114,https://cdn.sofifa.net/players/216/594/23_180.png, https://cdn.sofifa.net/flags/fr@3x.png
436,Enes Ünal,Turkey,ST,25,80,83,2020 ~ 2025,Getafe,2050,https://cdn.sofifa.net/players/223/197/23_180.png, https://cdn.sofifa.net/flags/tr@3x.png
437,Sofyan Amrabat,Morocco,CM,25,78,81,2020 ~ 2024,Fiorentina,2066,https://cdn.sofifa.net/players/224/158/23_180.png, https://cdn.sofifa.net/flags/ma@3x.png
438,Marcos Acuña,Argentina,LM,30,85,85,2020 ~ 2024,Sevilla,2304,https://cdn.sofifa.net/players/224/334/23_180.png, https://cdn.sofifa.net/flags/ar@3x.png
439,Diogo José Teixeira da Silva,Portugal,LW,25,84,87,2020 ~ 2025,Liverpool,2170,https://cdn.sofifa.net/players/224/458/23_180.png, https://cdn.sofifa.net/flags/pt@3x.png
440,Thomas Deng,Australia,CB,25,65,67,Free,Australia,1620,https://cdn.sofifa.net/players/228/310/23_180.png, https://cdn.sofifa.net/flags/au@3x.png
441,Leon Bailey,Jamaica,RM,24,80,83,2021 ~ 2025,Aston Villa,1980,https://cdn.sofifa.net/players/229/906/23_180.png, https://cdn.sofifa.net/flags/jm@3x.png
442,Takehiro Tomiyasu,Japan,LB,23,79,84,2021 ~ 2026,Arsenal,1837,https://cdn.sofifa.net/players/232/938/23_180.png, https://cdn.sofifa.net/flags/jp@3x.png
443,Raphael Dias Belloli,Brazil,LW,25,83,84,2022 ~ 2027,FC Barcelona,2129,https://cdn.sofifa.net/players/233/419/23_180.png, https://cdn.sofifa.net/flags/br@3x.png
444,Alphonso Davies,Canada,LM,21,84,89,2019 ~ 2025,FC Bayern München,2171,https://cdn.sofifa.net/players/234/396/23_180.png, https://cdn.sofifa.net/flags/ca@3x.png
445,Gregor Kobel,Switzerland,GK,24,86,89,2021 ~ 2026,Borussia Dortmund,1266,https://cdn.sofifa.net/players/235/073/23_180.png, https://cdn.sofifa.net/flags/ch@3x.png
446,Christian Kouamé,Côte d'Ivoire,LW,24,75,79,2020 ~ 2024,Fiorentina,1887,https://cdn.sofifa.net/players/235/866/23_180.png, https://cdn.sofifa.net/flags/ci@3x.png
447,Arnaut Danjuma,Netherlands,LM,25,82,83,30-Jun-23,Tottenham Hotspur,2055,https://cdn.sofifa.net/players/236/276/23_180.png, https://cdn.sofifa.net/flags/nl@3x.png
448,Joe Willock,England,CM,22,78,84,2021 ~ 2027,Newcastle United,2075,https://cdn.sofifa.net/players/237/329/23_180.png, https://cdn.sofifa.net/flags/gb-eng@3x.png
449,Andreas Skov Olsen,Denmark,RW,22,77,84,2022 ~ 2026,Club Brugge,1955,https://cdn.sofifa.net/players/240/017/23_180.png, https://cdn.sofifa.net/flags/dk@3x.png
450,Angel Gomes,England,CDM,21,76,84,2020 ~ 2025,Lille,2050,https://cdn.sofifa.net/players/240/507/23_180.png, https://cdn.sofifa.net/flags/gb-eng@3x.png
451,Teun Koopmeiners,Netherlands,CDM,24,80,84,2021 ~ 2025,Atalanta,2186,https://cdn.sofifa.net/players/240/679/23_180.png, https://cdn.sofifa.net/flags/nl@3x.png
452,Pau Francisco Torres,Spain,CB,25,83,87,2016 ~ 2024,Villarreal,1893,https://cdn.sofifa.net/players/241/464/23_180.png, https://cdn.sofifa.net/flags/es@3x.png
453,Diego Rossi,Uruguay,ST,24,76,79,2021 ~ 2025,Fenerbahçe,1866,https://cdn.sofifa.net/players/241/907/23_180.png, https://cdn.sofifa.net/flags/uy@3x.png
454,Konstantinos Mavropanos,Greece,RB,24,78,83,2022 ~ 2025,VfB Stuttgart,1791,https://cdn.sofifa.net/players/242/000/23_180.png, https://cdn.sofifa.net/flags/gr@3x.png
455,Enzo Loiodice,France,CDM,21,73,83,2020 ~ 2025,Las Palmas,1917,https://cdn.sofifa.net/players/243/478/23_180.png, https://cdn.sofifa.net/flags/fr@3x.png
456,Daniel Olmo Carvajal,Spain,CF,24,82,87,2020 ~ 2024,RB Leipzig,2036,https://cdn.sofifa.net/players/244/260/23_180.png, https://cdn.sofifa.net/flags/es@3x.png
457,Aaron Hickey,Scotland,RB,20,75,82,2022 ~ 2026,Brentford,1893,https://cdn.sofifa.net/players/248/808/23_180.png, https://cdn.sofifa.net/flags/gb-sct@3x.png
458,Shinta Appelkamp,Germany,CM,21,72,82,2019 ~ 2026,Fortuna Düsseldorf,1700,https://cdn.sofifa.net/players/252/903/23_180.png, https://cdn.sofifa.net/flags/de@3x.png
459,Federico Pereira,Uruguay,RB,22,72,82,2019 ~ 2022,Liverpool,1757,https://cdn.sofifa.net/players/255/874/23_180.png, https://cdn.sofifa.net/flags/uy@3x.png
460,Mohamed-Ali Cho,France,ST,18,72,85,2022 ~ 2027,Real Sociedad,1667,https://cdn.sofifa.net/players/256/476/23_180.png, https://cdn.sofifa.net/flags/fr@3x.png
461,Anthony Elanga,Sweden,LW,20,73,82,2020 ~ 2026,Manchester United,1822,https://cdn.sofifa.net/players/257/470/23_180.png, https://cdn.sofifa.net/flags/se@3x.png
462,Ansgar Knauff,Germany,LM,20,76,83,30-Jun-23,Eintracht Frankfurt,1851,https://cdn.sofifa.net/players/257/540/23_180.png, https://cdn.sofifa.net/flags/de@3x.png
463,Sékou Mara,France,ST,19,70,81,2022 ~ 2026,Southampton,1651,https://cdn.sofifa.net/players/257/612/23_180.png, https://cdn.sofifa.net/flags/fr@3x.png
464,Mika Godts,Belgium,LW,17,64,85,2023 ~ 2025,Ajax,1583,https://cdn.sofifa.net/players/258/378/23_180.png, https://cdn.sofifa.net/flags/be@3x.png
465,Carlos Augusto Zopolato Neves,Brazil,CB,23,76,81,2020 ~ 2024,Monza,2065,https://cdn.sofifa.net/players/258/648/23_180.png, https://cdn.sofifa.net/flags/br@3x.png
466,Fabian Rieder,Switzerland,CM,20,72,85,2020 ~ 2025,Young Boys,1866,https://cdn.sofifa.net/players/259/306/23_180.png, https://cdn.sofifa.net/flags/ch@3x.png
467,Kaide Gordon,England,LW,17,62,83,2021 ~ 2023,Liverpool,1469,https://cdn.sofifa.net/players/260/406/23_180.png, https://cdn.sofifa.net/flags/gb-eng@3x.png
468,Simon Adingra,Côte d'Ivoire,ST,20,72,81,30-Jun-23,Union Saint-Gilloise,1742,https://cdn.sofifa.net/players/260/779/23_180.png, https://cdn.sofifa.net/flags/ci@3x.png
469,Ilias Akhomach Chakkour,Spain,RW,18,67,83,2021 ~ 2023,FC Barcelona,1548,https://cdn.sofifa.net/players/265/578/23_180.png, https://cdn.sofifa.net/flags/es@3x.png
470,Tim Iroegbunam,England,CM,19,67,83,30-Jun-23,Queens Park Rangers,1785,https://cdn.sofifa.net/players/266/609/23_180.png, https://cdn.sofifa.net/flags/gb-eng@3x.png
471,Valentín Gómez,Argentina,LB,19,69,82,2022 ~ 2024,Vélez Sarsfield,1657,https://cdn.sofifa.net/players/267/860/23_180.png, https://cdn.sofifa.net/flags/ar@3x.png
472,Tom Rothe,Germany,LM,17,65,82,2022 ~ 2024,Borussia Dortmund,1598,https://cdn.sofifa.net/players/268/116/23_180.png, https://cdn.sofifa.net/flags/de@3x.png
473,Saël Kumbedi,France,RWB,17,68,83,2022 ~ 2027,Olympique Lyonnais,1696,https://cdn.sofifa.net/players/268/312/23_180.png, https://cdn.sofifa.net/flags/fr@3x.png
474,Oscar Gloukh,Israel,CAM,18,72,84,2023 ~ 2027,Salzburg,1783,https://cdn.sofifa.net/players/274/288/23_180.png, https://cdn.sofifa.net/flags/il@3x.png
475,Leny Yoro,France,CDM,16,67,82,2022 ~ 2025,Lille,1578,https://cdn.sofifa.net/players/269/087/23_180.png, https://cdn.sofifa.net/flags/fr@3x.png
476,Leandro Antonetti,Puerto Rico,LW,19,59,70,2020 ~ 2023,Lugo,1411,https://cdn.sofifa.net/players/269/199/23_180.png, https://cdn.sofifa.net/flags/pr@3x.png
477,Yvandro Borges Sanches,Luxembourg,RM,18,64,82,2022 ~ 2025,Borussia Mönchengladbach,1736,https://cdn.sofifa.net/players/269/952/23_180.png, https://cdn.sofifa.net/flags/lu@3x.png
478,Wassim Keddari Boulif,Spain,CB,17,65,83,2022 ~ 2026,Espanyol,1521,https://cdn.sofifa.net/players/270/051/23_180.png, https://cdn.sofifa.net/flags/es@3x.png
479,Stefan Bajcetic Maquieira,Spain,CM,17,69,85,2021 ~ 2027,Liverpool,1752,https://cdn.sofifa.net/players/271/975/23_180.png, https://cdn.sofifa.net/flags/es@3x.png
480,Steven Bergwijn,Netherlands,RW,24,79,82,2022 ~ 2027,Ajax,2020,https://cdn.sofifa.net/players/225/953/23_180.png, https://cdn.sofifa.net/flags/nl@3x.png
481,Giovani Lo Celso,Argentina,ST,26,81,82,30-Jun-23,Villarreal,2162,https://cdn.sofifa.net/players/226/226/23_180.png, https://cdn.sofifa.net/flags/ar@3x.png
482,Federico Dimarco,Italy,CB,24,80,83,2018 ~ 2026,Inter,2149,https://cdn.sofifa.net/players/226/268/23_180.png, https://cdn.sofifa.net/flags/it@3x.png
483,Kyle Walker-Peters,England,LB,25,78,80,2020 ~ 2025,Southampton,1859,https://cdn.sofifa.net/players/227/927/23_180.png, https://cdn.sofifa.net/flags/gb-eng@3x.png
484,Ezequiel Ávila,Argentina,RM,28,80,80,2019 ~ 2026,Osasuna,2026,https://cdn.sofifa.net/players/228/520/23_180.png, https://cdn.sofifa.net/flags/ar@3x.png
485,Stefano Sensi,Italy,CF,26,79,79,30-Jun-23,Monza,2078,https://cdn.sofifa.net/players/229/857/23_180.png, https://cdn.sofifa.net/flags/it@3x.png
486,Mouctar Diakhaby,Guinea,CB,25,75,80,2018 ~ 2027,Valencia,1669,https://cdn.sofifa.net/players/230/578/23_180.png, https://cdn.sofifa.net/flags/gn@3x.png
487,Arthur Henrique Ramos Oliveira Melo,Brazil,CDM,25,78,80,30-Jun-23,Liverpool,2091,https://cdn.sofifa.net/players/230/658/23_180.png, https://cdn.sofifa.net/flags/br@3x.png
488,Ademola Lookman,Nigeria,RW,24,78,81,2022 ~ 2026,Atalanta,1902,https://cdn.sofifa.net/players/230/899/23_180.png, https://cdn.sofifa.net/flags/ng@3x.png
489,Rodrigo Hernández Cascante,Spain,CDM,26,87,89,2019 ~ 2027,Manchester City,2133,https://cdn.sofifa.net/players/231/866/23_180.png, https://cdn.sofifa.net/flags/es@3x.png
490,Denzel Dumfries,Netherlands,RM,26,81,82,2021 ~ 2025,Inter,2062,https://cdn.sofifa.net/players/233/096/23_180.png, https://cdn.sofifa.net/flags/nl@3x.png
491,Xaver Schlager,Austria,CM,24,81,84,2022 ~ 2026,RB Leipzig,2093,https://cdn.sofifa.net/players/233/195/23_180.png, https://cdn.sofifa.net/flags/at@3x.png
492,Yangel Herrera,Venezuela,CAM,24,76,80,30-Jun-23,Girona,2034,https://cdn.sofifa.net/players/234/060/23_180.png, https://cdn.sofifa.net/flags/ve@3x.png
493,Carlos Rodríguez,Mexico,CM,25,76,79,Free,Mexico,1991,https://cdn.sofifa.net/players/235/389/23_180.png, https://cdn.sofifa.net/flags/mx@3x.png
494,Salih Özcan,Turkey,CM,24,79,82,2022 ~ 2026,Borussia Dortmund,2054,https://cdn.sofifa.net/players/235/407/23_180.png, https://cdn.sofifa.net/flags/tr@3x.png
495,Victor Nelsson,Denmark,CB,23,77,82,2021 ~ 2026,Galatasaray,1844,https://cdn.sofifa.net/players/235/658/23_180.png, https://cdn.sofifa.net/flags/dk@3x.png
496,Esequiel Barco,Argentina,LW,23,76,82,31-Dec-23,River Plate,1832,https://cdn.sofifa.net/players/236/007/23_180.png, https://cdn.sofifa.net/flags/ar@3x.png
497,Morgan Gibbs-White,England,LW,22,76,82,2022 ~ 2027,Nottingham Forest,2000,https://cdn.sofifa.net/players/236/015/23_180.png, https://cdn.sofifa.net/flags/gb-eng@3x.png
498,David Neres Campos,Brazil,RM,25,80,81,2022 ~ 2027,Benfica,1976,https://cdn.sofifa.net/players/236/632/23_180.png, https://cdn.sofifa.net/flags/br@3x.png
499,Scott McTominay,Scotland,CM,25,79,82,2013 ~ 2025,Manchester United,2065,https://cdn.sofifa.net/players/237/238/23_180.png, https://cdn.sofifa.net/flags/gb-sct@3x.png
500,Uriel Antuna,Mexico,RW,24,75,77,Free,Mexico,1786,https://cdn.sofifa.net/players/237/997/23_180.png, https://cdn.sofifa.net/flags/mx@3x.png
